INSERT INTO milestoneagescore (milestone_id, age, count, avg_score, stddev_score, expected_score) VALUES (1001, 0, 0, 0, 0, 1);
INSERT INTO milestoneagescore (milestone_id, age, count, avg_score, stddev_score, expected_score) VALUES (1001, 1, 1, 1, 0, 1);
INSERT INTO milestoneagescore (milestone_id, age, count, avg_score, stddev_score, expected_score) VALUES (1001, 2, 0, 0, 0, 1);
INSERT INTO milestoneagescore (milestone_id, age, count, avg_score, stddev_score, expected_score) VALUES (1001, 3, 0, 0, 0, 1);
INSERT INTO milestoneagescore (milestone_id, age, count, avg_score, stddev_score, expected_score) VALUES (1001, 4, 0, 0, 0, 1);
INSERT INTO milestoneagescore (milestone_id, age, count, avg_score, stddev_score, expected_score) VALUES (1001, 5, 0, 0, 0, 1);
INSERT INTO milestoneagescore (milestone_id, age, count, avg_score, stddev_score, expected_score) VALUES (1001, 6, 1, 3, 0, 4);
INSERT INTO milestoneagescore (milestone_id, age, count, avg_score, stddev_score, expected_score) VALUES (1001, 7, 0, 0, 0, 4);
INSERT INTO milestoneagescore (milestone_id, age, count, avg_score, stddev_score, expected_score) VALUES (1001, 8, 0, 0, 0, 4);
INSERT INTO milestoneagescore (milestone_id, age, count, avg_score, stddev_score, expected_score) VALUES (1001, 9, 0, 0, 0, 4);
INSERT INTO milestoneagescore (milestone_id, age, count, avg_score, stddev_score, expected_score) VALUES (1001, 10, 1, 4, 0, 4);
INSERT INTO milestoneagescore (milestone_id, age, count, avg_score, stddev_score, expected_score) VALUES (1001, 11, 0, 0, 0, 4);
INSERT INTO milestoneagescore (milestone_id, age, count, avg_score, stddev_score, expected_score) VALUES (1001, 12, 0, 0, 0, 4);
INSERT INTO milestoneagescore (milestone_id, age, count, avg_score, stddev_score, expected_score) VALUES (1001, 13, 0, 0, 0, 4);
INSERT INTO milestoneagescore (milestone_id, age, count, avg_score, stddev_score, expected_score) VALUES (1001, 14, 0, 0, 0, 4);
INSERT INTO milestoneagescore (milestone_id, age, count, avg_score, stddev_score, expected_score) VALUES (1001, 15, 0, 0, 0, 4);
INSERT INTO milestoneagescore (milestone_id, age, count, avg_score, stddev_score, expected_score) VALUES (1001, 16, 0, 0, 0, 4);
INSERT INTO milestoneagescore (milestone_id, age, count, avg_score, stddev_score, expected_score) VALUES (1001, 17, 0, 0, 0, 4);
INSERT INTO milestoneagescore (milestone_id, age, count, avg_score, stddev_score, expected_score) VALUES (1001, 18, 0, 0, 0, 4);
INSERT INTO milestoneagescore (milestone_id, age, count, avg_score, stddev_score, expected_score) VALUES (1001, 19, 0, 0, 0, 4);
INSERT INTO milestoneagescore (milestone_id, age, count, avg_score, stddev_score, expected_score) VALUES (1001, 20, 0, 0, 0, 4);
INSERT INTO milestoneagescore (milestone_id, age, count, avg_score, stddev_score, expected_score) VALUES (1001, 21, 0, 0, 0, 4);
INSERT INTO milestoneagescore (milestone_id, age, count, avg_score, stddev_score, expected_score) VALUES (1001, 22, 0, 0, 0, 4);
INSERT INTO milestoneagescore (milestone_id, age, count, avg_score, stddev_score, expected_score) VALUES (1001, 23, 0, 0, 0, 4);
INSERT INTO milestoneagescore (milestone_id, age, count, avg_score, stddev_score, expected_score) VALUES (1001, 24, 0, 0, 0, 4);
INSERT INTO milestoneagescore (milestone_id, age, count, avg_score, stddev_score, expected_score) VALUES (1001, 25, 0, 0, 0, 4);
INSERT INTO milestoneagescore (milestone_id, age, count, avg_score, stddev_score, expected_score) VALUES (1001, 26, 0, 0, 0, 4);
INSERT INTO milestoneagescore (milestone_id, age, count, avg_score, stddev_score, expected_score) VALUES (1001, 27, 0, 0, 0, 4);
INSERT INTO milestoneagescore (milestone_id, age, count, avg_score, stddev_score, expected_score) VALUES (1001, 28, 0, 0, 0, 4);
INSERT INTO milestoneagescore (milestone_id, age, count, avg_score, stddev_score, expected_score) VALUES (1001, 29, 0, 0, 0, 4);
INSERT INTO milestoneagescore (milestone_id, age, count, avg_score, stddev_score, expected_score) VALUES (1001, 30, 0, 0, 0, 4);
INSERT INTO milestoneagescore (milestone_id, age, count, avg_score, stddev_score, expected_score) VALUES (1001, 31, 0, 0, 0, 4);
INSERT INTO milestoneagescore (milestone_id, age, count, avg_score, stddev_score, expected_score) VALUES (1001, 32, 0, 0, 0, 4);
INSERT INTO milestoneagescore (milestone_id, age, count, avg_score, stddev_score, expected_score) VALUES (1001, 33, 0, 0, 0, 4);
INSERT INTO milestoneagescore (milestone_id, age, count, avg_score, stddev_score, expected_score) VALUES (1001, 34, 0, 0, 0, 4);
INSERT INTO milestoneagescore (milestone_id, age, count, avg_score, stddev_score, expected_score) VALUES (1001, 35, 0, 0, 0, 4);
INSERT INTO milestoneagescore (milestone_id, age, count, avg_score, stddev_score, expected_score) VALUES (1001, 36, 0, 0, 0, 4);
INSERT INTO milestoneagescore (milestone_id, age, count, avg_score, stddev_score, expected_score) VALUES (1001, 37, 0, 0, 0, 4);
INSERT INTO milestoneagescore (milestone_id, age, count, avg_score, stddev_score, expected_score) VALUES (1001, 38, 0, 0, 0, 4);
INSERT INTO milestoneagescore (milestone_id, age, count, avg_score, stddev_score, expected_score) VALUES (1001, 39, 0, 0, 0, 4);
INSERT INTO milestoneagescore (milestone_id, age, count, avg_score, stddev_score, expected_score) VALUES (1001, 40, 0, 0, 0, 4);
INSERT INTO milestoneagescore (milestone_id, age, count, avg_score, stddev_score, expected_score) VALUES (1001, 41, 0, 0, 0, 4);
INSERT INTO milestoneagescore (milestone_id, age, count, avg_score, stddev_score, expected_score) VALUES (1001, 42, 0, 0, 0, 4);
INSERT INTO milestoneagescore (milestone_id, age, count, avg_score, stddev_score, expected_score) VALUES (1001, 43, 0, 0, 0, 4);
INSERT INTO milestoneagescore (milestone_id, age, count, avg_score, stddev_score, expected_score) VALUES (1001, 44, 0, 0, 0, 4);
INSERT INTO milestoneagescore (milestone_id, age, count, avg_score, stddev_score, expected_score) VALUES (1001, 45, 0, 0, 0, 4);
INSERT INTO milestoneagescore (milestone_id, age, count, avg_score, stddev_score, expected_score) VALUES (1001, 46, 0, 0, 0, 4);
INSERT INTO milestoneagescore (milestone_id, age, count, avg_score, stddev_score, expected_score) VALUES (1001, 47, 0, 0, 0, 4);
INSERT INTO milestoneagescore (milestone_id, age, count, avg_score, stddev_score, expected_score) VALUES (1001, 48, 0, 0, 0, 4);
INSERT INTO milestoneagescore (milestone_id, age, count, avg_score, stddev_score, expected_score) VALUES (1001, 49, 0, 0, 0, 4);
INSERT INTO milestoneagescore (milestone_id, age, count, avg_score, stddev_score, expected_score) VALUES (1001, 50, 0, 0, 0, 4);
INSERT INTO milestoneagescore (milestone_id, age, count, avg_score, stddev_score, expected_score) VALUES (1001, 51, 0, 0, 0, 4);
INSERT INTO milestoneagescore (milestone_id, age, count, avg_score, stddev_score, expected_score) VALUES (1001, 52, 0, 0, 0, 4);
INSERT INTO milestoneagescore (milestone_id, age, count, avg_score, stddev_score, expected_score) VALUES (1001, 53, 0, 0, 0, 4);
INSERT INTO milestoneagescore (milestone_id, age, count, avg_score, stddev_score, expected_score) VALUES (1001, 54, 0, 0, 0, 4);
INSERT INTO milestoneagescore (milestone_id, age, count, avg_score, stddev_score, expected_score) VALUES (1001, 55, 0, 0, 0, 4);
INSERT INTO milestoneagescore (milestone_id, age, count, avg_score, stddev_score, expected_score) VALUES (1001, 56, 0, 0, 0, 4);
INSERT INTO milestoneagescore (milestone_id, age, count, avg_score, stddev_score, expected_score) VALUES (1001, 57, 0, 0, 0, 4);
INSERT INTO milestoneagescore (milestone_id, age, count, avg_score, stddev_score, expected_score) VALUES (1001, 58, 0, 0, 0, 4);
INSERT INTO milestoneagescore (milestone_id, age, count, avg_score, stddev_score, expected_score) VALUES (1001, 59, 0, 0, 0, 4);
INSERT INTO milestoneagescore (milestone_id, age, count, avg_score, stddev_score, expected_score) VALUES (1001, 60, 0, 0, 0, 4);
INSERT INTO milestoneagescore (milestone_id, age, count, avg_score, stddev_score, expected_score) VALUES (1001, 61, 0, 0, 0, 4);
INSERT INTO milestoneagescore (milestone_id, age, count, avg_score, stddev_score, expected_score) VALUES (1001, 62, 0, 0, 0, 4);
INSERT INTO milestoneagescore (milestone_id, age, count, avg_score, stddev_score, expected_score) VALUES (1001, 63, 0, 0, 0, 4);
INSERT INTO milestoneagescore (milestone_id, age, count, avg_score, stddev_score, expected_score) VALUES (1001, 64, 0, 0, 0, 4);
INSERT INTO milestoneagescore (milestone_id, age, count, avg_score, stddev_score, expected_score) VALUES (1001, 65, 0, 0, 0, 4);
INSERT INTO milestoneagescore (milestone_id, age, count, avg_score, stddev_score, expected_score) VALUES (1001, 66, 0, 0, 0, 4);
INSERT INTO milestoneagescore (milestone_id, age, count, avg_score, stddev_score, expected_score) VALUES (1001, 67, 0, 0, 0, 4);
INSERT INTO milestoneagescore (milestone_id, age, count, avg_score, stddev_score, expected_score) VALUES (1001, 68, 0, 0, 0, 4);
INSERT INTO milestoneagescore (milestone_id, age, count, avg_score, stddev_score, expected_score) VALUES (1001, 69, 0, 0, 0, 4);
INSERT INTO milestoneagescore (milestone_id, age, count, avg_score, stddev_score, expected_score) VALUES (1001, 70, 0, 0, 0, 4);
INSERT INTO milestoneagescore (milestone_id, age, count, avg_score, stddev_score, expected_score) VALUES (1001, 71, 0, 0, 0, 4);
INSERT INTO milestoneagescore (milestone_id, age, count, avg_score, stddev_score, expected_score) VALUES (1001, 72, 0, 0, 0, 4);
INSERT INTO milestoneagescore (milestone_id, age, count, avg_score, stddev_score, expected_score) VALUES (1001, 73, 0, 0, 0, 4);
INSERT INTO milestoneagescore (milestone_id, age, count, avg_score, stddev_score, expected_score) VALUES (1001, 74, 0, 0, 0, 4);
INSERT INTO milestoneagescore (milestone_id, age, count, avg_score, stddev_score, expected_score) VALUES (1001, 75, 0, 0, 0, 4);
INSERT INTO milestoneagescore (milestone_id, age, count, avg_score, stddev_score, expected_score) VALUES (1001, 76, 0, 0, 0, 4);
INSERT INTO milestoneagescore (milestone_id, age, count, avg_score, stddev_score, expected_score) VALUES (1001, 77, 0, 0, 0, 4);
INSERT INTO milestoneagescore (milestone_id, age, count, avg_score, stddev_score, expected_score) VALUES (1001, 78, 0, 0, 0, 4);
INSERT INTO milestoneagescore (milestone_id, age, count, avg_score, stddev_score, expected_score) VALUES (1001, 79, 0, 0, 0, 4);
INSERT INTO milestoneagescore (milestone_id, age, count, avg_score, stddev_score, expected_score) VALUES (1001, 80, 0, 0, 0, 4);
INSERT INTO milestoneagescore (milestone_id, age, count, avg_score, stddev_score, expected_score) VALUES (1001, 81, 0, 0, 0, 4);
INSERT INTO milestoneagescore (milestone_id, age, count, avg_score, stddev_score, expected_score) VALUES (1001, 82, 0, 0, 0, 4);
INSERT INTO milestoneagescore (milestone_id, age, count, avg_score, stddev_score, expected_score) VALUES (1001, 83, 0, 0, 0, 4);
INSERT INTO milestoneagescore (milestone_id, age, count, avg_score, stddev_score, expected_score) VALUES (1001, 84, 0, 0, 0, 4);
INSERT INTO milestoneagescore (milestone_id, age, count, avg_score, stddev_score, expected_score) VALUES (1001, 85, 0, 0, 0, 4);
INSERT INTO milestoneagescore (milestone_id, age, count, avg_score, stddev_score, expected_score) VALUES (1001, 86, 0, 0, 0, 4);
INSERT INTO milestoneagescore (milestone_id, age, count, avg_score, stddev_score, expected_score) VALUES (1001, 87, 0, 0, 0, 4);
INSERT INTO milestoneagescore (milestone_id, age, count, avg_score, stddev_score, expected_score) VALUES (1001, 88, 0, 0, 0, 4);
INSERT INTO milestoneagescore (milestone_id, age, count, avg_score, stddev_score, expected_score) VALUES (1001, 89, 0, 0, 0, 4);
INSERT INTO milestoneagescore (milestone_id, age, count, avg_score, stddev_score, expected_score) VALUES (1001, 90, 0, 0, 0, 4);
INSERT INTO milestoneagescore (milestone_id, age, count, avg_score, stddev_score, expected_score) VALUES (1001, 91, 0, 0, 0, 4);
INSERT INTO milestoneagescore (milestone_id, age, count, avg_score, stddev_score, expected_score) VALUES (1001, 92, 0, 0, 0, 4);
INSERT INTO milestoneagescore (milestone_id, age, count, avg_score, stddev_score, expected_score) VALUES (1001, 93, 0, 0, 0, 4);
INSERT INTO milestoneagescore (milestone_id, age, count, avg_score, stddev_score, expected_score) VALUES (1001, 94, 0, 0, 0, 4);
INSERT INTO milestoneagescore (milestone_id, age, count, avg_score, stddev_score, expected_score) VALUES (1001, 95, 0, 0, 0, 4);
INSERT INTO milestoneagescore (milestone_id, age, count, avg_score, stddev_score, expected_score) VALUES (1001, 96, 0, 0, 0, 4);
INSERT INTO milestoneagescore (milestone_id, age, count, avg_score, stddev_score, expected_score) VALUES (1001, 97, 0, 0, 0, 4);
INSERT INTO milestoneagescore (milestone_id, age, count, avg_score, stddev_score, expected_score) VALUES (1001, 98, 0, 0, 0, 4);
INSERT INTO milestoneagescore (milestone_id, age, count, avg_score, stddev_score, expected_score) VALUES (1001, 99, 0, 0, 0, 4);
INSERT INTO milestoneagescore (milestone_id, age, count, avg_score, stddev_score, expected_score) VALUES (1001, 100, 0, 0, 0, 4);
INSERT INTO milestoneagescore (milestone_id, age, count, avg_score, stddev_score, expected_score) VALUES (1002, 0, 0, 0, 0, 4);
INSERT INTO milestoneagescore (milestone_id, age, count, avg_score, stddev_score, expected_score) VALUES (1002, 1, 1, 1, 0, 4);
INSERT INTO milestoneagescore (milestone_id, age, count, avg_score, stddev_score, expected_score) VALUES (1002, 2, 0, 0, 0, 4);
INSERT INTO milestoneagescore (milestone_id, age, count, avg_score, stddev_score, expected_score) VALUES (1002, 3, 0, 0, 0, 4);
INSERT INTO milestoneagescore (milestone_id, age, count, avg_score, stddev_score, expected_score) VALUES (1002, 4, 0, 0, 0, 4);
INSERT INTO milestoneagescore (milestone_id, age, count, avg_score, stddev_score, expected_score) VALUES (1002, 5, 0, 0, 0, 4);
INSERT INTO milestoneagescore (milestone_id, age, count, avg_score, stddev_score, expected_score) VALUES (1002, 6, 0, 0, 0, 4);
INSERT INTO milestoneagescore (milestone_id, age, count, avg_score, stddev_score, expected_score) VALUES (1002, 7, 0, 0, 0, 4);
INSERT INTO milestoneagescore (milestone_id, age, count, avg_score, stddev_score, expected_score) VALUES (1002, 8, 0, 0, 0, 4);
INSERT INTO milestoneagescore (milestone_id, age, count, avg_score, stddev_score, expected_score) VALUES (1002, 9, 1, 2, 0, 4);
INSERT INTO milestoneagescore (milestone_id, age, count, avg_score, stddev_score, expected_score) VALUES (1002, 10, 0, 0, 0, 4);
INSERT INTO milestoneagescore (milestone_id, age, count, avg_score, stddev_score, expected_score) VALUES (1002, 11, 0, 0, 0, 4);
INSERT INTO milestoneagescore (milestone_id, age, count, avg_score, stddev_score, expected_score) VALUES (1002, 12, 0, 0, 0, 4);
INSERT INTO milestoneagescore (milestone_id, age, count, avg_score, stddev_score, expected_score) VALUES (1002, 13, 0, 0, 0, 4);
INSERT INTO milestoneagescore (milestone_id, age, count, avg_score, stddev_score, expected_score) VALUES (1002, 14, 0, 0, 0, 4);
INSERT INTO milestoneagescore (milestone_id, age, count, avg_score, stddev_score, expected_score) VALUES (1002, 15, 0, 0, 0, 4);
INSERT INTO milestoneagescore (milestone_id, age, count, avg_score, stddev_score, expected_score) VALUES (1002, 16, 0, 0, 0, 4);
INSERT INTO milestoneagescore (milestone_id, age, count, avg_score, stddev_score, expected_score) VALUES (1002, 17, 0, 0, 0, 4);
INSERT INTO milestoneagescore (milestone_id, age, count, avg_score, stddev_score, expected_score) VALUES (1002, 18, 0, 0, 0, 4);
INSERT INTO milestoneagescore (milestone_id, age, count, avg_score, stddev_score, expected_score) VALUES (1002, 19, 0, 0, 0, 4);
INSERT INTO milestoneagescore (milestone_id, age, count, avg_score, stddev_score, expected_score) VALUES (1002, 20, 0, 0, 0, 4);
INSERT INTO milestoneagescore (milestone_id, age, count, avg_score, stddev_score, expected_score) VALUES (1002, 21, 0, 0, 0, 4);
INSERT INTO milestoneagescore (milestone_id, age, count, avg_score, stddev_score, expected_score) VALUES (1002, 22, 0, 0, 0, 4);
INSERT INTO milestoneagescore (milestone_id, age, count, avg_score, stddev_score, expected_score) VALUES (1002, 23, 0, 0, 0, 4);
INSERT INTO milestoneagescore (milestone_id, age, count, avg_score, stddev_score, expected_score) VALUES (1002, 24, 0, 0, 0, 4);
INSERT INTO milestoneagescore (milestone_id, age, count, avg_score, stddev_score, expected_score) VALUES (1002, 25, 0, 0, 0, 4);
INSERT INTO milestoneagescore (milestone_id, age, count, avg_score, stddev_score, expected_score) VALUES (1002, 26, 0, 0, 0, 4);
INSERT INTO milestoneagescore (milestone_id, age, count, avg_score, stddev_score, expected_score) VALUES (1002, 27, 0, 0, 0, 4);
INSERT INTO milestoneagescore (milestone_id, age, count, avg_score, stddev_score, expected_score) VALUES (1002, 28, 0, 0, 0, 4);
INSERT INTO milestoneagescore (milestone_id, age, count, avg_score, stddev_score, expected_score) VALUES (1002, 29, 0, 0, 0, 4);
INSERT INTO milestoneagescore (milestone_id, age, count, avg_score, stddev_score, expected_score) VALUES (1002, 30, 0, 0, 0, 4);
INSERT INTO milestoneagescore (milestone_id, age, count, avg_score, stddev_score, expected_score) VALUES (1002, 31, 0, 0, 0, 4);
INSERT INTO milestoneagescore (milestone_id, age, count, avg_score, stddev_score, expected_score) VALUES (1002, 32, 0, 0, 0, 4);
INSERT INTO milestoneagescore (milestone_id, age, count, avg_score, stddev_score, expected_score) VALUES (1002, 33, 0, 0, 0, 4);
INSERT INTO milestoneagescore (milestone_id, age, count, avg_score, stddev_score, expected_score) VALUES (1002, 34, 0, 0, 0, 4);
INSERT INTO milestoneagescore (milestone_id, age, count, avg_score, stddev_score, expected_score) VALUES (1002, 35, 0, 0, 0, 4);
INSERT INTO milestoneagescore (milestone_id, age, count, avg_score, stddev_score, expected_score) VALUES (1002, 36, 0, 0, 0, 4);
INSERT INTO milestoneagescore (milestone_id, age, count, avg_score, stddev_score, expected_score) VALUES (1002, 37, 0, 0, 0, 4);
INSERT INTO milestoneagescore (milestone_id, age, count, avg_score, stddev_score, expected_score) VALUES (1002, 38, 0, 0, 0, 4);
INSERT INTO milestoneagescore (milestone_id, age, count, avg_score, stddev_score, expected_score) VALUES (1002, 39, 0, 0, 0, 4);
INSERT INTO milestoneagescore (milestone_id, age, count, avg_score, stddev_score, expected_score) VALUES (1002, 40, 0, 0, 0, 4);
INSERT INTO milestoneagescore (milestone_id, age, count, avg_score, stddev_score, expected_score) VALUES (1002, 41, 0, 0, 0, 4);
INSERT INTO milestoneagescore (milestone_id, age, count, avg_score, stddev_score, expected_score) VALUES (1002, 42, 0, 0, 0, 4);
INSERT INTO milestoneagescore (milestone_id, age, count, avg_score, stddev_score, expected_score) VALUES (1002, 43, 0, 0, 0, 4);
INSERT INTO milestoneagescore (milestone_id, age, count, avg_score, stddev_score, expected_score) VALUES (1002, 44, 0, 0, 0, 4);
INSERT INTO milestoneagescore (milestone_id, age, count, avg_score, stddev_score, expected_score) VALUES (1002, 45, 0, 0, 0, 4);
INSERT INTO milestoneagescore (milestone_id, age, count, avg_score, stddev_score, expected_score) VALUES (1002, 46, 0, 0, 0, 4);
INSERT INTO milestoneagescore (milestone_id, age, count, avg_score, stddev_score, expected_score) VALUES (1002, 47, 0, 0, 0, 4);
INSERT INTO milestoneagescore (milestone_id, age, count, avg_score, stddev_score, expected_score) VALUES (1002, 48, 0, 0, 0, 4);
INSERT INTO milestoneagescore (milestone_id, age, count, avg_score, stddev_score, expected_score) VALUES (1002, 49, 0, 0, 0, 4);
INSERT INTO milestoneagescore (milestone_id, age, count, avg_score, stddev_score, expected_score) VALUES (1002, 50, 0, 0, 0, 4);
INSERT INTO milestoneagescore (milestone_id, age, count, avg_score, stddev_score, expected_score) VALUES (1002, 51, 0, 0, 0, 4);
INSERT INTO milestoneagescore (milestone_id, age, count, avg_score, stddev_score, expected_score) VALUES (1002, 52, 0, 0, 0, 4);
INSERT INTO milestoneagescore (milestone_id, age, count, avg_score, stddev_score, expected_score) VALUES (1002, 53, 0, 0, 0, 4);
INSERT INTO milestoneagescore (milestone_id, age, count, avg_score, stddev_score, expected_score) VALUES (1002, 54, 0, 0, 0, 4);
INSERT INTO milestoneagescore (milestone_id, age, count, avg_score, stddev_score, expected_score) VALUES (1002, 55, 0, 0, 0, 4);
INSERT INTO milestoneagescore (milestone_id, age, count, avg_score, stddev_score, expected_score) VALUES (1002, 56, 0, 0, 0, 4);
INSERT INTO milestoneagescore (milestone_id, age, count, avg_score, stddev_score, expected_score) VALUES (1002, 57, 0, 0, 0, 4);
INSERT INTO milestoneagescore (milestone_id, age, count, avg_score, stddev_score, expected_score) VALUES (1002, 58, 0, 0, 0, 4);
INSERT INTO milestoneagescore (milestone_id, age, count, avg_score, stddev_score, expected_score) VALUES (1002, 59, 0, 0, 0, 4);
INSERT INTO milestoneagescore (milestone_id, age, count, avg_score, stddev_score, expected_score) VALUES (1002, 60, 0, 0, 0, 4);
INSERT INTO milestoneagescore (milestone_id, age, count, avg_score, stddev_score, expected_score) VALUES (1002, 61, 0, 0, 0, 4);
INSERT INTO milestoneagescore (milestone_id, age, count, avg_score, stddev_score, expected_score) VALUES (1002, 62, 0, 0, 0, 4);
INSERT INTO milestoneagescore (milestone_id, age, count, avg_score, stddev_score, expected_score) VALUES (1002, 63, 0, 0, 0, 4);
INSERT INTO milestoneagescore (milestone_id, age, count, avg_score, stddev_score, expected_score) VALUES (1002, 64, 0, 0, 0, 4);
INSERT INTO milestoneagescore (milestone_id, age, count, avg_score, stddev_score, expected_score) VALUES (1002, 65, 0, 0, 0, 4);
INSERT INTO milestoneagescore (milestone_id, age, count, avg_score, stddev_score, expected_score) VALUES (1002, 66, 0, 0, 0, 4);
INSERT INTO milestoneagescore (milestone_id, age, count, avg_score, stddev_score, expected_score) VALUES (1002, 67, 0, 0, 0, 4);
INSERT INTO milestoneagescore (milestone_id, age, count, avg_score, stddev_score, expected_score) VALUES (1002, 68, 0, 0, 0, 4);
INSERT INTO milestoneagescore (milestone_id, age, count, avg_score, stddev_score, expected_score) VALUES (1002, 69, 0, 0, 0, 4);
INSERT INTO milestoneagescore (milestone_id, age, count, avg_score, stddev_score, expected_score) VALUES (1002, 70, 0, 0, 0, 4);
INSERT INTO milestoneagescore (milestone_id, age, count, avg_score, stddev_score, expected_score) VALUES (1002, 71, 0, 0, 0, 4);
INSERT INTO milestoneagescore (milestone_id, age, count, avg_score, stddev_score, expected_score) VALUES (1002, 72, 0, 0, 0, 4);
INSERT INTO milestoneagescore (milestone_id, age, count, avg_score, stddev_score, expected_score) VALUES (1002, 73, 0, 0, 0, 4);
INSERT INTO milestoneagescore (milestone_id, age, count, avg_score, stddev_score, expected_score) VALUES (1002, 74, 0, 0, 0, 4);
INSERT INTO milestoneagescore (milestone_id, age, count, avg_score, stddev_score, expected_score) VALUES (1002, 75, 0, 0, 0, 4);
INSERT INTO milestoneagescore (milestone_id, age, count, avg_score, stddev_score, expected_score) VALUES (1002, 76, 0, 0, 0, 4);
INSERT INTO milestoneagescore (milestone_id, age, count, avg_score, stddev_score, expected_score) VALUES (1002, 77, 0, 0, 0, 4);
INSERT INTO milestoneagescore (milestone_id, age, count, avg_score, stddev_score, expected_score) VALUES (1002, 78, 0, 0, 0, 4);
INSERT INTO milestoneagescore (milestone_id, age, count, avg_score, stddev_score, expected_score) VALUES (1002, 79, 0, 0, 0, 4);
INSERT INTO milestoneagescore (milestone_id, age, count, avg_score, stddev_score, expected_score) VALUES (1002, 80, 0, 0, 0, 4);
INSERT INTO milestoneagescore (milestone_id, age, count, avg_score, stddev_score, expected_score) VALUES (1002, 81, 0, 0, 0, 4);
INSERT INTO milestoneagescore (milestone_id, age, count, avg_score, stddev_score, expected_score) VALUES (1002, 82, 0, 0, 0, 4);
INSERT INTO milestoneagescore (milestone_id, age, count, avg_score, stddev_score, expected_score) VALUES (1002, 83, 0, 0, 0, 4);
INSERT INTO milestoneagescore (milestone_id, age, count, avg_score, stddev_score, expected_score) VALUES (1002, 84, 0, 0, 0, 4);
INSERT INTO milestoneagescore (milestone_id, age, count, avg_score, stddev_score, expected_score) VALUES (1002, 85, 0, 0, 0, 4);
INSERT INTO milestoneagescore (milestone_id, age, count, avg_score, stddev_score, expected_score) VALUES (1002, 86, 0, 0, 0, 4);
INSERT INTO milestoneagescore (milestone_id, age, count, avg_score, stddev_score, expected_score) VALUES (1002, 87, 0, 0, 0, 4);
INSERT INTO milestoneagescore (milestone_id, age, count, avg_score, stddev_score, expected_score) VALUES (1002, 88, 0, 0, 0, 4);
INSERT INTO milestoneagescore (milestone_id, age, count, avg_score, stddev_score, expected_score) VALUES (1002, 89, 0, 0, 0, 4);
INSERT INTO milestoneagescore (milestone_id, age, count, avg_score, stddev_score, expected_score) VALUES (1002, 90, 0, 0, 0, 4);
INSERT INTO milestoneagescore (milestone_id, age, count, avg_score, stddev_score, expected_score) VALUES (1002, 91, 0, 0, 0, 4);
INSERT INTO milestoneagescore (milestone_id, age, count, avg_score, stddev_score, expected_score) VALUES (1002, 92, 0, 0, 0, 4);
INSERT INTO milestoneagescore (milestone_id, age, count, avg_score, stddev_score, expected_score) VALUES (1002, 93, 0, 0, 0, 4);
INSERT INTO milestoneagescore (milestone_id, age, count, avg_score, stddev_score, expected_score) VALUES (1002, 94, 0, 0, 0, 4);
INSERT INTO milestoneagescore (milestone_id, age, count, avg_score, stddev_score, expected_score) VALUES (1002, 95, 0, 0, 0, 4);
INSERT INTO milestoneagescore (milestone_id, age, count, avg_score, stddev_score, expected_score) VALUES (1002, 96, 0, 0, 0, 4);
INSERT INTO milestoneagescore (milestone_id, age, count, avg_score, stddev_score, expected_score) VALUES (1002, 97, 0, 0, 0, 4);
INSERT INTO milestoneagescore (milestone_id, age, count, avg_score, stddev_score, expected_score) VALUES (1002, 98, 0, 0, 0, 4);
INSERT INTO milestoneagescore (milestone_id, age, count, avg_score, stddev_score, expected_score) VALUES (1002, 99, 0, 0, 0, 4);
INSERT INTO milestoneagescore (milestone_id, age, count, avg_score, stddev_score, expected_score) VALUES (1002, 100, 0, 0, 0, 4);
INSERT INTO milestoneagescore (milestone_id, age, count, avg_score, stddev_score, expected_score) VALUES (1003, 0, 0, 0, 0, 4);
INSERT INTO milestoneagescore (milestone_id, age, count, avg_score, stddev_score, expected_score) VALUES (1003, 1, 1, 1, 0, 4);
INSERT INTO milestoneagescore (milestone_id, age, count, avg_score, stddev_score, expected_score) VALUES (1003, 2, 0, 0, 0, 4);
INSERT INTO milestoneagescore (milestone_id, age, count, avg_score, stddev_score, expected_score) VALUES (1003, 3, 0, 0, 0, 4);
INSERT INTO milestoneagescore (milestone_id, age, count, avg_score, stddev_score, expected_score) VALUES (1003, 4, 0, 0, 0, 4);
INSERT INTO milestoneagescore (milestone_id, age, count, avg_score, stddev_score, expected_score) VALUES (1003, 5, 0, 0, 0, 4);
INSERT INTO milestoneagescore (milestone_id, age, count, avg_score, stddev_score, expected_score) VALUES (1003, 6, 0, 0, 0, 4);
INSERT INTO milestoneagescore (milestone_id, age, count, avg_score, stddev_score, expected_score) VALUES (1003, 7, 0, 0, 0, 4);
INSERT INTO milestoneagescore (milestone_id, age, count, avg_score, stddev_score, expected_score) VALUES (1003, 8, 0, 0, 0, 4);
INSERT INTO milestoneagescore (milestone_id, age, count, avg_score, stddev_score, expected_score) VALUES (1003, 9, 1, 1, 0, 4);
INSERT INTO milestoneagescore (milestone_id, age, count, avg_score, stddev_score, expected_score) VALUES (1003, 10, 0, 0, 0, 4);
INSERT INTO milestoneagescore (milestone_id, age, count, avg_score, stddev_score, expected_score) VALUES (1003, 11, 0, 0, 0, 4);
INSERT INTO milestoneagescore (milestone_id, age, count, avg_score, stddev_score, expected_score) VALUES (1003, 12, 0, 0, 0, 4);
INSERT INTO milestoneagescore (milestone_id, age, count, avg_score, stddev_score, expected_score) VALUES (1003, 13, 0, 0, 0, 4);
INSERT INTO milestoneagescore (milestone_id, age, count, avg_score, stddev_score, expected_score) VALUES (1003, 14, 0, 0, 0, 4);
INSERT INTO milestoneagescore (milestone_id, age, count, avg_score, stddev_score, expected_score) VALUES (1003, 15, 0, 0, 0, 4);
INSERT INTO milestoneagescore (milestone_id, age, count, avg_score, stddev_score, expected_score) VALUES (1003, 16, 0, 0, 0, 4);
INSERT INTO milestoneagescore (milestone_id, age, count, avg_score, stddev_score, expected_score) VALUES (1003, 17, 0, 0, 0, 4);
INSERT INTO milestoneagescore (milestone_id, age, count, avg_score, stddev_score, expected_score) VALUES (1003, 18, 0, 0, 0, 4);
INSERT INTO milestoneagescore (milestone_id, age, count, avg_score, stddev_score, expected_score) VALUES (1003, 19, 0, 0, 0, 4);
INSERT INTO milestoneagescore (milestone_id, age, count, avg_score, stddev_score, expected_score) VALUES (1003, 20, 0, 0, 0, 4);
INSERT INTO milestoneagescore (milestone_id, age, count, avg_score, stddev_score, expected_score) VALUES (1003, 21, 0, 0, 0, 4);
INSERT INTO milestoneagescore (milestone_id, age, count, avg_score, stddev_score, expected_score) VALUES (1003, 22, 0, 0, 0, 4);
INSERT INTO milestoneagescore (milestone_id, age, count, avg_score, stddev_score, expected_score) VALUES (1003, 23, 0, 0, 0, 4);
INSERT INTO milestoneagescore (milestone_id, age, count, avg_score, stddev_score, expected_score) VALUES (1003, 24, 0, 0, 0, 4);
INSERT INTO milestoneagescore (milestone_id, age, count, avg_score, stddev_score, expected_score) VALUES (1003, 25, 0, 0, 0, 4);
INSERT INTO milestoneagescore (milestone_id, age, count, avg_score, stddev_score, expected_score) VALUES (1003, 26, 0, 0, 0, 4);
INSERT INTO milestoneagescore (milestone_id, age, count, avg_score, stddev_score, expected_score) VALUES (1003, 27, 0, 0, 0, 4);
INSERT INTO milestoneagescore (milestone_id, age, count, avg_score, stddev_score, expected_score) VALUES (1003, 28, 0, 0, 0, 4);
INSERT INTO milestoneagescore (milestone_id, age, count, avg_score, stddev_score, expected_score) VALUES (1003, 29, 0, 0, 0, 4);
INSERT INTO milestoneagescore (milestone_id, age, count, avg_score, stddev_score, expected_score) VALUES (1003, 30, 0, 0, 0, 4);
INSERT INTO milestoneagescore (milestone_id, age, count, avg_score, stddev_score, expected_score) VALUES (1003, 31, 0, 0, 0, 4);
INSERT INTO milestoneagescore (milestone_id, age, count, avg_score, stddev_score, expected_score) VALUES (1003, 32, 0, 0, 0, 4);
INSERT INTO milestoneagescore (milestone_id, age, count, avg_score, stddev_score, expected_score) VALUES (1003, 33, 0, 0, 0, 4);
INSERT INTO milestoneagescore (milestone_id, age, count, avg_score, stddev_score, expected_score) VALUES (1003, 34, 0, 0, 0, 4);
INSERT INTO milestoneagescore (milestone_id, age, count, avg_score, stddev_score, expected_score) VALUES (1003, 35, 0, 0, 0, 4);
INSERT INTO milestoneagescore (milestone_id, age, count, avg_score, stddev_score, expected_score) VALUES (1003, 36, 0, 0, 0, 4);
INSERT INTO milestoneagescore (milestone_id, age, count, avg_score, stddev_score, expected_score) VALUES (1003, 37, 0, 0, 0, 4);
INSERT INTO milestoneagescore (milestone_id, age, count, avg_score, stddev_score, expected_score) VALUES (1003, 38, 0, 0, 0, 4);
INSERT INTO milestoneagescore (milestone_id, age, count, avg_score, stddev_score, expected_score) VALUES (1003, 39, 0, 0, 0, 4);
INSERT INTO milestoneagescore (milestone_id, age, count, avg_score, stddev_score, expected_score) VALUES (1003, 40, 0, 0, 0, 4);
INSERT INTO milestoneagescore (milestone_id, age, count, avg_score, stddev_score, expected_score) VALUES (1003, 41, 0, 0, 0, 4);
INSERT INTO milestoneagescore (milestone_id, age, count, avg_score, stddev_score, expected_score) VALUES (1003, 42, 0, 0, 0, 4);
INSERT INTO milestoneagescore (milestone_id, age, count, avg_score, stddev_score, expected_score) VALUES (1003, 43, 0, 0, 0, 4);
INSERT INTO milestoneagescore (milestone_id, age, count, avg_score, stddev_score, expected_score) VALUES (1003, 44, 0, 0, 0, 4);
INSERT INTO milestoneagescore (milestone_id, age, count, avg_score, stddev_score, expected_score) VALUES (1003, 45, 0, 0, 0, 4);
INSERT INTO milestoneagescore (milestone_id, age, count, avg_score, stddev_score, expected_score) VALUES (1003, 46, 0, 0, 0, 4);
INSERT INTO milestoneagescore (milestone_id, age, count, avg_score, stddev_score, expected_score) VALUES (1003, 47, 0, 0, 0, 4);
INSERT INTO milestoneagescore (milestone_id, age, count, avg_score, stddev_score, expected_score) VALUES (1003, 48, 0, 0, 0, 4);
INSERT INTO milestoneagescore (milestone_id, age, count, avg_score, stddev_score, expected_score) VALUES (1003, 49, 0, 0, 0, 4);
INSERT INTO milestoneagescore (milestone_id, age, count, avg_score, stddev_score, expected_score) VALUES (1003, 50, 0, 0, 0, 4);
INSERT INTO milestoneagescore (milestone_id, age, count, avg_score, stddev_score, expected_score) VALUES (1003, 51, 0, 0, 0, 4);
INSERT INTO milestoneagescore (milestone_id, age, count, avg_score, stddev_score, expected_score) VALUES (1003, 52, 0, 0, 0, 4);
INSERT INTO milestoneagescore (milestone_id, age, count, avg_score, stddev_score, expected_score) VALUES (1003, 53, 0, 0, 0, 4);
INSERT INTO milestoneagescore (milestone_id, age, count, avg_score, stddev_score, expected_score) VALUES (1003, 54, 0, 0, 0, 4);
INSERT INTO milestoneagescore (milestone_id, age, count, avg_score, stddev_score, expected_score) VALUES (1003, 55, 0, 0, 0, 4);
INSERT INTO milestoneagescore (milestone_id, age, count, avg_score, stddev_score, expected_score) VALUES (1003, 56, 0, 0, 0, 4);
INSERT INTO milestoneagescore (milestone_id, age, count, avg_score, stddev_score, expected_score) VALUES (1003, 57, 0, 0, 0, 4);
INSERT INTO milestoneagescore (milestone_id, age, count, avg_score, stddev_score, expected_score) VALUES (1003, 58, 0, 0, 0, 4);
INSERT INTO milestoneagescore (milestone_id, age, count, avg_score, stddev_score, expected_score) VALUES (1003, 59, 0, 0, 0, 4);
INSERT INTO milestoneagescore (milestone_id, age, count, avg_score, stddev_score, expected_score) VALUES (1003, 60, 0, 0, 0, 4);
INSERT INTO milestoneagescore (milestone_id, age, count, avg_score, stddev_score, expected_score) VALUES (1003, 61, 0, 0, 0, 4);
INSERT INTO milestoneagescore (milestone_id, age, count, avg_score, stddev_score, expected_score) VALUES (1003, 62, 0, 0, 0, 4);
INSERT INTO milestoneagescore (milestone_id, age, count, avg_score, stddev_score, expected_score) VALUES (1003, 63, 0, 0, 0, 4);
INSERT INTO milestoneagescore (milestone_id, age, count, avg_score, stddev_score, expected_score) VALUES (1003, 64, 0, 0, 0, 4);
INSERT INTO milestoneagescore (milestone_id, age, count, avg_score, stddev_score, expected_score) VALUES (1003, 65, 0, 0, 0, 4);
INSERT INTO milestoneagescore (milestone_id, age, count, avg_score, stddev_score, expected_score) VALUES (1003, 66, 0, 0, 0, 4);
INSERT INTO milestoneagescore (milestone_id, age, count, avg_score, stddev_score, expected_score) VALUES (1003, 67, 0, 0, 0, 4);
INSERT INTO milestoneagescore (milestone_id, age, count, avg_score, stddev_score, expected_score) VALUES (1003, 68, 0, 0, 0, 4);
INSERT INTO milestoneagescore (milestone_id, age, count, avg_score, stddev_score, expected_score) VALUES (1003, 69, 0, 0, 0, 4);
INSERT INTO milestoneagescore (milestone_id, age, count, avg_score, stddev_score, expected_score) VALUES (1003, 70, 0, 0, 0, 4);
INSERT INTO milestoneagescore (milestone_id, age, count, avg_score, stddev_score, expected_score) VALUES (1003, 71, 0, 0, 0, 4);
INSERT INTO milestoneagescore (milestone_id, age, count, avg_score, stddev_score, expected_score) VALUES (1003, 72, 0, 0, 0, 4);
INSERT INTO milestoneagescore (milestone_id, age, count, avg_score, stddev_score, expected_score) VALUES (1003, 73, 0, 0, 0, 4);
INSERT INTO milestoneagescore (milestone_id, age, count, avg_score, stddev_score, expected_score) VALUES (1003, 74, 0, 0, 0, 4);
INSERT INTO milestoneagescore (milestone_id, age, count, avg_score, stddev_score, expected_score) VALUES (1003, 75, 0, 0, 0, 4);
INSERT INTO milestoneagescore (milestone_id, age, count, avg_score, stddev_score, expected_score) VALUES (1003, 76, 0, 0, 0, 4);
INSERT INTO milestoneagescore (milestone_id, age, count, avg_score, stddev_score, expected_score) VALUES (1003, 77, 0, 0, 0, 4);
INSERT INTO milestoneagescore (milestone_id, age, count, avg_score, stddev_score, expected_score) VALUES (1003, 78, 0, 0, 0, 4);
INSERT INTO milestoneagescore (milestone_id, age, count, avg_score, stddev_score, expected_score) VALUES (1003, 79, 0, 0, 0, 4);
INSERT INTO milestoneagescore (milestone_id, age, count, avg_score, stddev_score, expected_score) VALUES (1003, 80, 0, 0, 0, 4);
INSERT INTO milestoneagescore (milestone_id, age, count, avg_score, stddev_score, expected_score) VALUES (1003, 81, 0, 0, 0, 4);
INSERT INTO milestoneagescore (milestone_id, age, count, avg_score, stddev_score, expected_score) VALUES (1003, 82, 0, 0, 0, 4);
INSERT INTO milestoneagescore (milestone_id, age, count, avg_score, stddev_score, expected_score) VALUES (1003, 83, 0, 0, 0, 4);
INSERT INTO milestoneagescore (milestone_id, age, count, avg_score, stddev_score, expected_score) VALUES (1003, 84, 0, 0, 0, 4);
INSERT INTO milestoneagescore (milestone_id, age, count, avg_score, stddev_score, expected_score) VALUES (1003, 85, 0, 0, 0, 4);
INSERT INTO milestoneagescore (milestone_id, age, count, avg_score, stddev_score, expected_score) VALUES (1003, 86, 0, 0, 0, 4);
INSERT INTO milestoneagescore (milestone_id, age, count, avg_score, stddev_score, expected_score) VALUES (1003, 87, 0, 0, 0, 4);
INSERT INTO milestoneagescore (milestone_id, age, count, avg_score, stddev_score, expected_score) VALUES (1003, 88, 0, 0, 0, 4);
INSERT INTO milestoneagescore (milestone_id, age, count, avg_score, stddev_score, expected_score) VALUES (1003, 89, 0, 0, 0, 4);
INSERT INTO milestoneagescore (milestone_id, age, count, avg_score, stddev_score, expected_score) VALUES (1003, 90, 0, 0, 0, 4);
INSERT INTO milestoneagescore (milestone_id, age, count, avg_score, stddev_score, expected_score) VALUES (1003, 91, 0, 0, 0, 4);
INSERT INTO milestoneagescore (milestone_id, age, count, avg_score, stddev_score, expected_score) VALUES (1003, 92, 0, 0, 0, 4);
INSERT INTO milestoneagescore (milestone_id, age, count, avg_score, stddev_score, expected_score) VALUES (1003, 93, 0, 0, 0, 4);
INSERT INTO milestoneagescore (milestone_id, age, count, avg_score, stddev_score, expected_score) VALUES (1003, 94, 0, 0, 0, 4);
INSERT INTO milestoneagescore (milestone_id, age, count, avg_score, stddev_score, expected_score) VALUES (1003, 95, 0, 0, 0, 4);
INSERT INTO milestoneagescore (milestone_id, age, count, avg_score, stddev_score, expected_score) VALUES (1003, 96, 0, 0, 0, 4);
INSERT INTO milestoneagescore (milestone_id, age, count, avg_score, stddev_score, expected_score) VALUES (1003, 97, 0, 0, 0, 4);
INSERT INTO milestoneagescore (milestone_id, age, count, avg_score, stddev_score, expected_score) VALUES (1003, 98, 0, 0, 0, 4);
INSERT INTO milestoneagescore (milestone_id, age, count, avg_score, stddev_score, expected_score) VALUES (1003, 99, 0, 0, 0, 4);
INSERT INTO milestoneagescore (milestone_id, age, count, avg_score, stddev_score, expected_score) VALUES (1003, 100, 0, 0, 0, 4);
INSERT INTO milestoneagescore (milestone_id, age, count, avg_score, stddev_score, expected_score) VALUES (1004, 0, 0, 0, 0, 4);
INSERT INTO milestoneagescore (milestone_id, age, count, avg_score, stddev_score, expected_score) VALUES (1004, 1, 1, 1, 0, 4);
INSERT INTO milestoneagescore (milestone_id, age, count, avg_score, stddev_score, expected_score) VALUES (1004, 2, 0, 0, 0, 4);
INSERT INTO milestoneagescore (milestone_id, age, count, avg_score, stddev_score, expected_score) VALUES (1004, 3, 0, 0, 0, 4);
INSERT INTO milestoneagescore (milestone_id, age, count, avg_score, stddev_score, expected_score) VALUES (1004, 4, 0, 0, 0, 4);
INSERT INTO milestoneagescore (milestone_id, age, count, avg_score, stddev_score, expected_score) VALUES (1004, 5, 0, 0, 0, 4);
INSERT INTO milestoneagescore (milestone_id, age, count, avg_score, stddev_score, expected_score) VALUES (1004, 6, 1, 1, 0, 4);
INSERT INTO milestoneagescore (milestone_id, age, count, avg_score, stddev_score, expected_score) VALUES (1004, 7, 0, 0, 0, 4);
INSERT INTO milestoneagescore (milestone_id, age, count, avg_score, stddev_score, expected_score) VALUES (1004, 8, 0, 0, 0, 4);
INSERT INTO milestoneagescore (milestone_id, age, count, avg_score, stddev_score, expected_score) VALUES (1004, 9, 1, 1, 0, 4);
INSERT INTO milestoneagescore (milestone_id, age, count, avg_score, stddev_score, expected_score) VALUES (1004, 10, 1, 1, 0, 4);
INSERT INTO milestoneagescore (milestone_id, age, count, avg_score, stddev_score, expected_score) VALUES (1004, 11, 0, 0, 0, 4);
INSERT INTO milestoneagescore (milestone_id, age, count, avg_score, stddev_score, expected_score) VALUES (1004, 12, 0, 0, 0, 4);
INSERT INTO milestoneagescore (milestone_id, age, count, avg_score, stddev_score, expected_score) VALUES (1004, 13, 0, 0, 0, 4);
INSERT INTO milestoneagescore (milestone_id, age, count, avg_score, stddev_score, expected_score) VALUES (1004, 14, 0, 0, 0, 4);
INSERT INTO milestoneagescore (milestone_id, age, count, avg_score, stddev_score, expected_score) VALUES (1004, 15, 0, 0, 0, 4);
INSERT INTO milestoneagescore (milestone_id, age, count, avg_score, stddev_score, expected_score) VALUES (1004, 16, 0, 0, 0, 4);
INSERT INTO milestoneagescore (milestone_id, age, count, avg_score, stddev_score, expected_score) VALUES (1004, 17, 0, 0, 0, 4);
INSERT INTO milestoneagescore (milestone_id, age, count, avg_score, stddev_score, expected_score) VALUES (1004, 18, 0, 0, 0, 4);
INSERT INTO milestoneagescore (milestone_id, age, count, avg_score, stddev_score, expected_score) VALUES (1004, 19, 0, 0, 0, 4);
INSERT INTO milestoneagescore (milestone_id, age, count, avg_score, stddev_score, expected_score) VALUES (1004, 20, 0, 0, 0, 4);
INSERT INTO milestoneagescore (milestone_id, age, count, avg_score, stddev_score, expected_score) VALUES (1004, 21, 0, 0, 0, 4);
INSERT INTO milestoneagescore (milestone_id, age, count, avg_score, stddev_score, expected_score) VALUES (1004, 22, 0, 0, 0, 4);
INSERT INTO milestoneagescore (milestone_id, age, count, avg_score, stddev_score, expected_score) VALUES (1004, 23, 0, 0, 0, 4);
INSERT INTO milestoneagescore (milestone_id, age, count, avg_score, stddev_score, expected_score) VALUES (1004, 24, 0, 0, 0, 4);
INSERT INTO milestoneagescore (milestone_id, age, count, avg_score, stddev_score, expected_score) VALUES (1004, 25, 0, 0, 0, 4);
INSERT INTO milestoneagescore (milestone_id, age, count, avg_score, stddev_score, expected_score) VALUES (1004, 26, 0, 0, 0, 4);
INSERT INTO milestoneagescore (milestone_id, age, count, avg_score, stddev_score, expected_score) VALUES (1004, 27, 0, 0, 0, 4);
INSERT INTO milestoneagescore (milestone_id, age, count, avg_score, stddev_score, expected_score) VALUES (1004, 28, 0, 0, 0, 4);
INSERT INTO milestoneagescore (milestone_id, age, count, avg_score, stddev_score, expected_score) VALUES (1004, 29, 0, 0, 0, 4);
INSERT INTO milestoneagescore (milestone_id, age, count, avg_score, stddev_score, expected_score) VALUES (1004, 30, 0, 0, 0, 4);
INSERT INTO milestoneagescore (milestone_id, age, count, avg_score, stddev_score, expected_score) VALUES (1004, 31, 0, 0, 0, 4);
INSERT INTO milestoneagescore (milestone_id, age, count, avg_score, stddev_score, expected_score) VALUES (1004, 32, 0, 0, 0, 4);
INSERT INTO milestoneagescore (milestone_id, age, count, avg_score, stddev_score, expected_score) VALUES (1004, 33, 0, 0, 0, 4);
INSERT INTO milestoneagescore (milestone_id, age, count, avg_score, stddev_score, expected_score) VALUES (1004, 34, 0, 0, 0, 4);
INSERT INTO milestoneagescore (milestone_id, age, count, avg_score, stddev_score, expected_score) VALUES (1004, 35, 0, 0, 0, 4);
INSERT INTO milestoneagescore (milestone_id, age, count, avg_score, stddev_score, expected_score) VALUES (1004, 36, 0, 0, 0, 4);
INSERT INTO milestoneagescore (milestone_id, age, count, avg_score, stddev_score, expected_score) VALUES (1004, 37, 0, 0, 0, 4);
INSERT INTO milestoneagescore (milestone_id, age, count, avg_score, stddev_score, expected_score) VALUES (1004, 38, 0, 0, 0, 4);
INSERT INTO milestoneagescore (milestone_id, age, count, avg_score, stddev_score, expected_score) VALUES (1004, 39, 0, 0, 0, 4);
INSERT INTO milestoneagescore (milestone_id, age, count, avg_score, stddev_score, expected_score) VALUES (1004, 40, 0, 0, 0, 4);
INSERT INTO milestoneagescore (milestone_id, age, count, avg_score, stddev_score, expected_score) VALUES (1004, 41, 0, 0, 0, 4);
INSERT INTO milestoneagescore (milestone_id, age, count, avg_score, stddev_score, expected_score) VALUES (1004, 42, 0, 0, 0, 4);
INSERT INTO milestoneagescore (milestone_id, age, count, avg_score, stddev_score, expected_score) VALUES (1004, 43, 0, 0, 0, 4);
INSERT INTO milestoneagescore (milestone_id, age, count, avg_score, stddev_score, expected_score) VALUES (1004, 44, 0, 0, 0, 4);
INSERT INTO milestoneagescore (milestone_id, age, count, avg_score, stddev_score, expected_score) VALUES (1004, 45, 0, 0, 0, 4);
INSERT INTO milestoneagescore (milestone_id, age, count, avg_score, stddev_score, expected_score) VALUES (1004, 46, 0, 0, 0, 4);
INSERT INTO milestoneagescore (milestone_id, age, count, avg_score, stddev_score, expected_score) VALUES (1004, 47, 0, 0, 0, 4);
INSERT INTO milestoneagescore (milestone_id, age, count, avg_score, stddev_score, expected_score) VALUES (1004, 48, 0, 0, 0, 4);
INSERT INTO milestoneagescore (milestone_id, age, count, avg_score, stddev_score, expected_score) VALUES (1004, 49, 0, 0, 0, 4);
INSERT INTO milestoneagescore (milestone_id, age, count, avg_score, stddev_score, expected_score) VALUES (1004, 50, 0, 0, 0, 4);
INSERT INTO milestoneagescore (milestone_id, age, count, avg_score, stddev_score, expected_score) VALUES (1004, 51, 0, 0, 0, 4);
INSERT INTO milestoneagescore (milestone_id, age, count, avg_score, stddev_score, expected_score) VALUES (1004, 52, 0, 0, 0, 4);
INSERT INTO milestoneagescore (milestone_id, age, count, avg_score, stddev_score, expected_score) VALUES (1004, 53, 0, 0, 0, 4);
INSERT INTO milestoneagescore (milestone_id, age, count, avg_score, stddev_score, expected_score) VALUES (1004, 54, 0, 0, 0, 4);
INSERT INTO milestoneagescore (milestone_id, age, count, avg_score, stddev_score, expected_score) VALUES (1004, 55, 0, 0, 0, 4);
INSERT INTO milestoneagescore (milestone_id, age, count, avg_score, stddev_score, expected_score) VALUES (1004, 56, 0, 0, 0, 4);
INSERT INTO milestoneagescore (milestone_id, age, count, avg_score, stddev_score, expected_score) VALUES (1004, 57, 0, 0, 0, 4);
INSERT INTO milestoneagescore (milestone_id, age, count, avg_score, stddev_score, expected_score) VALUES (1004, 58, 0, 0, 0, 4);
INSERT INTO milestoneagescore (milestone_id, age, count, avg_score, stddev_score, expected_score) VALUES (1004, 59, 0, 0, 0, 4);
INSERT INTO milestoneagescore (milestone_id, age, count, avg_score, stddev_score, expected_score) VALUES (1004, 60, 0, 0, 0, 4);
INSERT INTO milestoneagescore (milestone_id, age, count, avg_score, stddev_score, expected_score) VALUES (1004, 61, 0, 0, 0, 4);
INSERT INTO milestoneagescore (milestone_id, age, count, avg_score, stddev_score, expected_score) VALUES (1004, 62, 0, 0, 0, 4);
INSERT INTO milestoneagescore (milestone_id, age, count, avg_score, stddev_score, expected_score) VALUES (1004, 63, 0, 0, 0, 4);
INSERT INTO milestoneagescore (milestone_id, age, count, avg_score, stddev_score, expected_score) VALUES (1004, 64, 0, 0, 0, 4);
INSERT INTO milestoneagescore (milestone_id, age, count, avg_score, stddev_score, expected_score) VALUES (1004, 65, 0, 0, 0, 4);
INSERT INTO milestoneagescore (milestone_id, age, count, avg_score, stddev_score, expected_score) VALUES (1004, 66, 0, 0, 0, 4);
INSERT INTO milestoneagescore (milestone_id, age, count, avg_score, stddev_score, expected_score) VALUES (1004, 67, 0, 0, 0, 4);
INSERT INTO milestoneagescore (milestone_id, age, count, avg_score, stddev_score, expected_score) VALUES (1004, 68, 0, 0, 0, 4);
INSERT INTO milestoneagescore (milestone_id, age, count, avg_score, stddev_score, expected_score) VALUES (1004, 69, 0, 0, 0, 4);
INSERT INTO milestoneagescore (milestone_id, age, count, avg_score, stddev_score, expected_score) VALUES (1004, 70, 0, 0, 0, 4);
INSERT INTO milestoneagescore (milestone_id, age, count, avg_score, stddev_score, expected_score) VALUES (1004, 71, 0, 0, 0, 4);
INSERT INTO milestoneagescore (milestone_id, age, count, avg_score, stddev_score, expected_score) VALUES (1004, 72, 0, 0, 0, 4);
INSERT INTO milestoneagescore (milestone_id, age, count, avg_score, stddev_score, expected_score) VALUES (1004, 73, 0, 0, 0, 4);
INSERT INTO milestoneagescore (milestone_id, age, count, avg_score, stddev_score, expected_score) VALUES (1004, 74, 0, 0, 0, 4);
INSERT INTO milestoneagescore (milestone_id, age, count, avg_score, stddev_score, expected_score) VALUES (1004, 75, 0, 0, 0, 4);
INSERT INTO milestoneagescore (milestone_id, age, count, avg_score, stddev_score, expected_score) VALUES (1004, 76, 0, 0, 0, 4);
INSERT INTO milestoneagescore (milestone_id, age, count, avg_score, stddev_score, expected_score) VALUES (1004, 77, 0, 0, 0, 4);
INSERT INTO milestoneagescore (milestone_id, age, count, avg_score, stddev_score, expected_score) VALUES (1004, 78, 0, 0, 0, 4);
INSERT INTO milestoneagescore (milestone_id, age, count, avg_score, stddev_score, expected_score) VALUES (1004, 79, 0, 0, 0, 4);
INSERT INTO milestoneagescore (milestone_id, age, count, avg_score, stddev_score, expected_score) VALUES (1004, 80, 0, 0, 0, 4);
INSERT INTO milestoneagescore (milestone_id, age, count, avg_score, stddev_score, expected_score) VALUES (1004, 81, 0, 0, 0, 4);
INSERT INTO milestoneagescore (milestone_id, age, count, avg_score, stddev_score, expected_score) VALUES (1004, 82, 0, 0, 0, 4);
INSERT INTO milestoneagescore (milestone_id, age, count, avg_score, stddev_score, expected_score) VALUES (1004, 83, 0, 0, 0, 4);
INSERT INTO milestoneagescore (milestone_id, age, count, avg_score, stddev_score, expected_score) VALUES (1004, 84, 0, 0, 0, 4);
INSERT INTO milestoneagescore (milestone_id, age, count, avg_score, stddev_score, expected_score) VALUES (1004, 85, 0, 0, 0, 4);
INSERT INTO milestoneagescore (milestone_id, age, count, avg_score, stddev_score, expected_score) VALUES (1004, 86, 0, 0, 0, 4);
INSERT INTO milestoneagescore (milestone_id, age, count, avg_score, stddev_score, expected_score) VALUES (1004, 87, 0, 0, 0, 4);
INSERT INTO milestoneagescore (milestone_id, age, count, avg_score, stddev_score, expected_score) VALUES (1004, 88, 0, 0, 0, 4);
INSERT INTO milestoneagescore (milestone_id, age, count, avg_score, stddev_score, expected_score) VALUES (1004, 89, 0, 0, 0, 4);
INSERT INTO milestoneagescore (milestone_id, age, count, avg_score, stddev_score, expected_score) VALUES (1004, 90, 0, 0, 0, 4);
INSERT INTO milestoneagescore (milestone_id, age, count, avg_score, stddev_score, expected_score) VALUES (1004, 91, 0, 0, 0, 4);
INSERT INTO milestoneagescore (milestone_id, age, count, avg_score, stddev_score, expected_score) VALUES (1004, 92, 0, 0, 0, 4);
INSERT INTO milestoneagescore (milestone_id, age, count, avg_score, stddev_score, expected_score) VALUES (1004, 93, 0, 0, 0, 4);
INSERT INTO milestoneagescore (milestone_id, age, count, avg_score, stddev_score, expected_score) VALUES (1004, 94, 0, 0, 0, 4);
INSERT INTO milestoneagescore (milestone_id, age, count, avg_score, stddev_score, expected_score) VALUES (1004, 95, 0, 0, 0, 4);
INSERT INTO milestoneagescore (milestone_id, age, count, avg_score, stddev_score, expected_score) VALUES (1004, 96, 0, 0, 0, 4);
INSERT INTO milestoneagescore (milestone_id, age, count, avg_score, stddev_score, expected_score) VALUES (1004, 97, 0, 0, 0, 4);
INSERT INTO milestoneagescore (milestone_id, age, count, avg_score, stddev_score, expected_score) VALUES (1004, 98, 0, 0, 0, 4);
INSERT INTO milestoneagescore (milestone_id, age, count, avg_score, stddev_score, expected_score) VALUES (1004, 99, 0, 0, 0, 4);
INSERT INTO milestoneagescore (milestone_id, age, count, avg_score, stddev_score, expected_score) VALUES (1004, 100, 0, 0, 0, 4);
INSERT INTO milestoneagescore (milestone_id, age, count, avg_score, stddev_score, expected_score) VALUES (1005, 0, 0, 0, 0, 1);
INSERT INTO milestoneagescore (milestone_id, age, count, avg_score, stddev_score, expected_score) VALUES (1005, 1, 1, 3, 0, 4);
INSERT INTO milestoneagescore (milestone_id, age, count, avg_score, stddev_score, expected_score) VALUES (1005, 2, 0, 0, 0, 4);
INSERT INTO milestoneagescore (milestone_id, age, count, avg_score, stddev_score, expected_score) VALUES (1005, 3, 0, 0, 0, 4);
INSERT INTO milestoneagescore (milestone_id, age, count, avg_score, stddev_score, expected_score) VALUES (1005, 4, 0, 0, 0, 4);
INSERT INTO milestoneagescore (milestone_id, age, count, avg_score, stddev_score, expected_score) VALUES (1005, 5, 0, 0, 0, 4);
INSERT INTO milestoneagescore (milestone_id, age, count, avg_score, stddev_score, expected_score) VALUES (1005, 6, 1, 4, 0, 4);
INSERT INTO milestoneagescore (milestone_id, age, count, avg_score, stddev_score, expected_score) VALUES (1005, 7, 0, 0, 0, 4);
INSERT INTO milestoneagescore (milestone_id, age, count, avg_score, stddev_score, expected_score) VALUES (1005, 8, 0, 0, 0, 4);
INSERT INTO milestoneagescore (milestone_id, age, count, avg_score, stddev_score, expected_score) VALUES (1005, 9, 0, 0, 0, 4);
INSERT INTO milestoneagescore (milestone_id, age, count, avg_score, stddev_score, expected_score) VALUES (1005, 10, 1, 4, 0, 4);
INSERT INTO milestoneagescore (milestone_id, age, count, avg_score, stddev_score, expected_score) VALUES (1005, 11, 0, 0, 0, 4);
INSERT INTO milestoneagescore (milestone_id, age, count, avg_score, stddev_score, expected_score) VALUES (1005, 12, 0, 0, 0, 4);
INSERT INTO milestoneagescore (milestone_id, age, count, avg_score, stddev_score, expected_score) VALUES (1005, 13, 0, 0, 0, 4);
INSERT INTO milestoneagescore (milestone_id, age, count, avg_score, stddev_score, expected_score) VALUES (1005, 14, 0, 0, 0, 4);
INSERT INTO milestoneagescore (milestone_id, age, count, avg_score, stddev_score, expected_score) VALUES (1005, 15, 0, 0, 0, 4);
INSERT INTO milestoneagescore (milestone_id, age, count, avg_score, stddev_score, expected_score) VALUES (1005, 16, 0, 0, 0, 4);
INSERT INTO milestoneagescore (milestone_id, age, count, avg_score, stddev_score, expected_score) VALUES (1005, 17, 0, 0, 0, 4);
INSERT INTO milestoneagescore (milestone_id, age, count, avg_score, stddev_score, expected_score) VALUES (1005, 18, 0, 0, 0, 4);
INSERT INTO milestoneagescore (milestone_id, age, count, avg_score, stddev_score, expected_score) VALUES (1005, 19, 0, 0, 0, 4);
INSERT INTO milestoneagescore (milestone_id, age, count, avg_score, stddev_score, expected_score) VALUES (1005, 20, 0, 0, 0, 4);
INSERT INTO milestoneagescore (milestone_id, age, count, avg_score, stddev_score, expected_score) VALUES (1005, 21, 0, 0, 0, 4);
INSERT INTO milestoneagescore (milestone_id, age, count, avg_score, stddev_score, expected_score) VALUES (1005, 22, 0, 0, 0, 4);
INSERT INTO milestoneagescore (milestone_id, age, count, avg_score, stddev_score, expected_score) VALUES (1005, 23, 0, 0, 0, 4);
INSERT INTO milestoneagescore (milestone_id, age, count, avg_score, stddev_score, expected_score) VALUES (1005, 24, 0, 0, 0, 4);
INSERT INTO milestoneagescore (milestone_id, age, count, avg_score, stddev_score, expected_score) VALUES (1005, 25, 0, 0, 0, 4);
INSERT INTO milestoneagescore (milestone_id, age, count, avg_score, stddev_score, expected_score) VALUES (1005, 26, 0, 0, 0, 4);
INSERT INTO milestoneagescore (milestone_id, age, count, avg_score, stddev_score, expected_score) VALUES (1005, 27, 0, 0, 0, 4);
INSERT INTO milestoneagescore (milestone_id, age, count, avg_score, stddev_score, expected_score) VALUES (1005, 28, 0, 0, 0, 4);
INSERT INTO milestoneagescore (milestone_id, age, count, avg_score, stddev_score, expected_score) VALUES (1005, 29, 0, 0, 0, 4);
INSERT INTO milestoneagescore (milestone_id, age, count, avg_score, stddev_score, expected_score) VALUES (1005, 30, 0, 0, 0, 4);
INSERT INTO milestoneagescore (milestone_id, age, count, avg_score, stddev_score, expected_score) VALUES (1005, 31, 0, 0, 0, 4);
INSERT INTO milestoneagescore (milestone_id, age, count, avg_score, stddev_score, expected_score) VALUES (1005, 32, 0, 0, 0, 4);
INSERT INTO milestoneagescore (milestone_id, age, count, avg_score, stddev_score, expected_score) VALUES (1005, 33, 0, 0, 0, 4);
INSERT INTO milestoneagescore (milestone_id, age, count, avg_score, stddev_score, expected_score) VALUES (1005, 34, 0, 0, 0, 4);
INSERT INTO milestoneagescore (milestone_id, age, count, avg_score, stddev_score, expected_score) VALUES (1005, 35, 0, 0, 0, 4);
INSERT INTO milestoneagescore (milestone_id, age, count, avg_score, stddev_score, expected_score) VALUES (1005, 36, 0, 0, 0, 4);
INSERT INTO milestoneagescore (milestone_id, age, count, avg_score, stddev_score, expected_score) VALUES (1005, 37, 0, 0, 0, 4);
INSERT INTO milestoneagescore (milestone_id, age, count, avg_score, stddev_score, expected_score) VALUES (1005, 38, 0, 0, 0, 4);
INSERT INTO milestoneagescore (milestone_id, age, count, avg_score, stddev_score, expected_score) VALUES (1005, 39, 0, 0, 0, 4);
INSERT INTO milestoneagescore (milestone_id, age, count, avg_score, stddev_score, expected_score) VALUES (1005, 40, 0, 0, 0, 4);
INSERT INTO milestoneagescore (milestone_id, age, count, avg_score, stddev_score, expected_score) VALUES (1005, 41, 0, 0, 0, 4);
INSERT INTO milestoneagescore (milestone_id, age, count, avg_score, stddev_score, expected_score) VALUES (1005, 42, 0, 0, 0, 4);
INSERT INTO milestoneagescore (milestone_id, age, count, avg_score, stddev_score, expected_score) VALUES (1005, 43, 0, 0, 0, 4);
INSERT INTO milestoneagescore (milestone_id, age, count, avg_score, stddev_score, expected_score) VALUES (1005, 44, 0, 0, 0, 4);
INSERT INTO milestoneagescore (milestone_id, age, count, avg_score, stddev_score, expected_score) VALUES (1005, 45, 0, 0, 0, 4);
INSERT INTO milestoneagescore (milestone_id, age, count, avg_score, stddev_score, expected_score) VALUES (1005, 46, 0, 0, 0, 4);
INSERT INTO milestoneagescore (milestone_id, age, count, avg_score, stddev_score, expected_score) VALUES (1005, 47, 0, 0, 0, 4);
INSERT INTO milestoneagescore (milestone_id, age, count, avg_score, stddev_score, expected_score) VALUES (1005, 48, 0, 0, 0, 4);
INSERT INTO milestoneagescore (milestone_id, age, count, avg_score, stddev_score, expected_score) VALUES (1005, 49, 0, 0, 0, 4);
INSERT INTO milestoneagescore (milestone_id, age, count, avg_score, stddev_score, expected_score) VALUES (1005, 50, 0, 0, 0, 4);
INSERT INTO milestoneagescore (milestone_id, age, count, avg_score, stddev_score, expected_score) VALUES (1005, 51, 0, 0, 0, 4);
INSERT INTO milestoneagescore (milestone_id, age, count, avg_score, stddev_score, expected_score) VALUES (1005, 52, 0, 0, 0, 4);
INSERT INTO milestoneagescore (milestone_id, age, count, avg_score, stddev_score, expected_score) VALUES (1005, 53, 0, 0, 0, 4);
INSERT INTO milestoneagescore (milestone_id, age, count, avg_score, stddev_score, expected_score) VALUES (1005, 54, 0, 0, 0, 4);
INSERT INTO milestoneagescore (milestone_id, age, count, avg_score, stddev_score, expected_score) VALUES (1005, 55, 0, 0, 0, 4);
INSERT INTO milestoneagescore (milestone_id, age, count, avg_score, stddev_score, expected_score) VALUES (1005, 56, 0, 0, 0, 4);
INSERT INTO milestoneagescore (milestone_id, age, count, avg_score, stddev_score, expected_score) VALUES (1005, 57, 0, 0, 0, 4);
INSERT INTO milestoneagescore (milestone_id, age, count, avg_score, stddev_score, expected_score) VALUES (1005, 58, 0, 0, 0, 4);
INSERT INTO milestoneagescore (milestone_id, age, count, avg_score, stddev_score, expected_score) VALUES (1005, 59, 0, 0, 0, 4);
INSERT INTO milestoneagescore (milestone_id, age, count, avg_score, stddev_score, expected_score) VALUES (1005, 60, 0, 0, 0, 4);
INSERT INTO milestoneagescore (milestone_id, age, count, avg_score, stddev_score, expected_score) VALUES (1005, 61, 0, 0, 0, 4);
INSERT INTO milestoneagescore (milestone_id, age, count, avg_score, stddev_score, expected_score) VALUES (1005, 62, 0, 0, 0, 4);
INSERT INTO milestoneagescore (milestone_id, age, count, avg_score, stddev_score, expected_score) VALUES (1005, 63, 0, 0, 0, 4);
INSERT INTO milestoneagescore (milestone_id, age, count, avg_score, stddev_score, expected_score) VALUES (1005, 64, 0, 0, 0, 4);
INSERT INTO milestoneagescore (milestone_id, age, count, avg_score, stddev_score, expected_score) VALUES (1005, 65, 0, 0, 0, 4);
INSERT INTO milestoneagescore (milestone_id, age, count, avg_score, stddev_score, expected_score) VALUES (1005, 66, 0, 0, 0, 4);
INSERT INTO milestoneagescore (milestone_id, age, count, avg_score, stddev_score, expected_score) VALUES (1005, 67, 0, 0, 0, 4);
INSERT INTO milestoneagescore (milestone_id, age, count, avg_score, stddev_score, expected_score) VALUES (1005, 68, 0, 0, 0, 4);
INSERT INTO milestoneagescore (milestone_id, age, count, avg_score, stddev_score, expected_score) VALUES (1005, 69, 0, 0, 0, 4);
INSERT INTO milestoneagescore (milestone_id, age, count, avg_score, stddev_score, expected_score) VALUES (1005, 70, 0, 0, 0, 4);
INSERT INTO milestoneagescore (milestone_id, age, count, avg_score, stddev_score, expected_score) VALUES (1005, 71, 0, 0, 0, 4);
INSERT INTO milestoneagescore (milestone_id, age, count, avg_score, stddev_score, expected_score) VALUES (1005, 72, 0, 0, 0, 4);
INSERT INTO milestoneagescore (milestone_id, age, count, avg_score, stddev_score, expected_score) VALUES (1005, 73, 0, 0, 0, 4);
INSERT INTO milestoneagescore (milestone_id, age, count, avg_score, stddev_score, expected_score) VALUES (1005, 74, 0, 0, 0, 4);
INSERT INTO milestoneagescore (milestone_id, age, count, avg_score, stddev_score, expected_score) VALUES (1005, 75, 0, 0, 0, 4);
INSERT INTO milestoneagescore (milestone_id, age, count, avg_score, stddev_score, expected_score) VALUES (1005, 76, 0, 0, 0, 4);
INSERT INTO milestoneagescore (milestone_id, age, count, avg_score, stddev_score, expected_score) VALUES (1005, 77, 0, 0, 0, 4);
INSERT INTO milestoneagescore (milestone_id, age, count, avg_score, stddev_score, expected_score) VALUES (1005, 78, 0, 0, 0, 4);
INSERT INTO milestoneagescore (milestone_id, age, count, avg_score, stddev_score, expected_score) VALUES (1005, 79, 0, 0, 0, 4);
INSERT INTO milestoneagescore (milestone_id, age, count, avg_score, stddev_score, expected_score) VALUES (1005, 80, 0, 0, 0, 4);
INSERT INTO milestoneagescore (milestone_id, age, count, avg_score, stddev_score, expected_score) VALUES (1005, 81, 0, 0, 0, 4);
INSERT INTO milestoneagescore (milestone_id, age, count, avg_score, stddev_score, expected_score) VALUES (1005, 82, 0, 0, 0, 4);
INSERT INTO milestoneagescore (milestone_id, age, count, avg_score, stddev_score, expected_score) VALUES (1005, 83, 0, 0, 0, 4);
INSERT INTO milestoneagescore (milestone_id, age, count, avg_score, stddev_score, expected_score) VALUES (1005, 84, 0, 0, 0, 4);
INSERT INTO milestoneagescore (milestone_id, age, count, avg_score, stddev_score, expected_score) VALUES (1005, 85, 0, 0, 0, 4);
INSERT INTO milestoneagescore (milestone_id, age, count, avg_score, stddev_score, expected_score) VALUES (1005, 86, 0, 0, 0, 4);
INSERT INTO milestoneagescore (milestone_id, age, count, avg_score, stddev_score, expected_score) VALUES (1005, 87, 0, 0, 0, 4);
INSERT INTO milestoneagescore (milestone_id, age, count, avg_score, stddev_score, expected_score) VALUES (1005, 88, 0, 0, 0, 4);
INSERT INTO milestoneagescore (milestone_id, age, count, avg_score, stddev_score, expected_score) VALUES (1005, 89, 0, 0, 0, 4);
INSERT INTO milestoneagescore (milestone_id, age, count, avg_score, stddev_score, expected_score) VALUES (1005, 90, 0, 0, 0, 4);
INSERT INTO milestoneagescore (milestone_id, age, count, avg_score, stddev_score, expected_score) VALUES (1005, 91, 0, 0, 0, 4);
INSERT INTO milestoneagescore (milestone_id, age, count, avg_score, stddev_score, expected_score) VALUES (1005, 92, 0, 0, 0, 4);
INSERT INTO milestoneagescore (milestone_id, age, count, avg_score, stddev_score, expected_score) VALUES (1005, 93, 0, 0, 0, 4);
INSERT INTO milestoneagescore (milestone_id, age, count, avg_score, stddev_score, expected_score) VALUES (1005, 94, 0, 0, 0, 4);
INSERT INTO milestoneagescore (milestone_id, age, count, avg_score, stddev_score, expected_score) VALUES (1005, 95, 0, 0, 0, 4);
INSERT INTO milestoneagescore (milestone_id, age, count, avg_score, stddev_score, expected_score) VALUES (1005, 96, 0, 0, 0, 4);
INSERT INTO milestoneagescore (milestone_id, age, count, avg_score, stddev_score, expected_score) VALUES (1005, 97, 0, 0, 0, 4);
INSERT INTO milestoneagescore (milestone_id, age, count, avg_score, stddev_score, expected_score) VALUES (1005, 98, 0, 0, 0, 4);
INSERT INTO milestoneagescore (milestone_id, age, count, avg_score, stddev_score, expected_score) VALUES (1005, 99, 0, 0, 0, 4);
INSERT INTO milestoneagescore (milestone_id, age, count, avg_score, stddev_score, expected_score) VALUES (1005, 100, 0, 0, 0, 4);
INSERT INTO milestoneagescore (milestone_id, age, count, avg_score, stddev_score, expected_score) VALUES (1008, 0, 0, 0, 0, 4);
INSERT INTO milestoneagescore (milestone_id, age, count, avg_score, stddev_score, expected_score) VALUES (1008, 1, 1, 1, 0, 4);
INSERT INTO milestoneagescore (milestone_id, age, count, avg_score, stddev_score, expected_score) VALUES (1008, 2, 0, 0, 0, 4);
INSERT INTO milestoneagescore (milestone_id, age, count, avg_score, stddev_score, expected_score) VALUES (1008, 3, 0, 0, 0, 4);
INSERT INTO milestoneagescore (milestone_id, age, count, avg_score, stddev_score, expected_score) VALUES (1008, 4, 0, 0, 0, 4);
INSERT INTO milestoneagescore (milestone_id, age, count, avg_score, stddev_score, expected_score) VALUES (1008, 5, 0, 0, 0, 4);
INSERT INTO milestoneagescore (milestone_id, age, count, avg_score, stddev_score, expected_score) VALUES (1008, 6, 1, 1, 0, 4);
INSERT INTO milestoneagescore (milestone_id, age, count, avg_score, stddev_score, expected_score) VALUES (1008, 7, 0, 0, 0, 4);
INSERT INTO milestoneagescore (milestone_id, age, count, avg_score, stddev_score, expected_score) VALUES (1008, 8, 0, 0, 0, 4);
INSERT INTO milestoneagescore (milestone_id, age, count, avg_score, stddev_score, expected_score) VALUES (1008, 9, 1, 1, 0, 4);
INSERT INTO milestoneagescore (milestone_id, age, count, avg_score, stddev_score, expected_score) VALUES (1008, 10, 0, 0, 0, 4);
INSERT INTO milestoneagescore (milestone_id, age, count, avg_score, stddev_score, expected_score) VALUES (1008, 11, 0, 0, 0, 4);
INSERT INTO milestoneagescore (milestone_id, age, count, avg_score, stddev_score, expected_score) VALUES (1008, 12, 0, 0, 0, 4);
INSERT INTO milestoneagescore (milestone_id, age, count, avg_score, stddev_score, expected_score) VALUES (1008, 13, 0, 0, 0, 4);
INSERT INTO milestoneagescore (milestone_id, age, count, avg_score, stddev_score, expected_score) VALUES (1008, 14, 0, 0, 0, 4);
INSERT INTO milestoneagescore (milestone_id, age, count, avg_score, stddev_score, expected_score) VALUES (1008, 15, 0, 0, 0, 4);
INSERT INTO milestoneagescore (milestone_id, age, count, avg_score, stddev_score, expected_score) VALUES (1008, 16, 0, 0, 0, 4);
INSERT INTO milestoneagescore (milestone_id, age, count, avg_score, stddev_score, expected_score) VALUES (1008, 17, 0, 0, 0, 4);
INSERT INTO milestoneagescore (milestone_id, age, count, avg_score, stddev_score, expected_score) VALUES (1008, 18, 0, 0, 0, 4);
INSERT INTO milestoneagescore (milestone_id, age, count, avg_score, stddev_score, expected_score) VALUES (1008, 19, 0, 0, 0, 4);
INSERT INTO milestoneagescore (milestone_id, age, count, avg_score, stddev_score, expected_score) VALUES (1008, 20, 0, 0, 0, 4);
INSERT INTO milestoneagescore (milestone_id, age, count, avg_score, stddev_score, expected_score) VALUES (1008, 21, 0, 0, 0, 4);
INSERT INTO milestoneagescore (milestone_id, age, count, avg_score, stddev_score, expected_score) VALUES (1008, 22, 0, 0, 0, 4);
INSERT INTO milestoneagescore (milestone_id, age, count, avg_score, stddev_score, expected_score) VALUES (1008, 23, 0, 0, 0, 4);
INSERT INTO milestoneagescore (milestone_id, age, count, avg_score, stddev_score, expected_score) VALUES (1008, 24, 0, 0, 0, 4);
INSERT INTO milestoneagescore (milestone_id, age, count, avg_score, stddev_score, expected_score) VALUES (1008, 25, 0, 0, 0, 4);
INSERT INTO milestoneagescore (milestone_id, age, count, avg_score, stddev_score, expected_score) VALUES (1008, 26, 0, 0, 0, 4);
INSERT INTO milestoneagescore (milestone_id, age, count, avg_score, stddev_score, expected_score) VALUES (1008, 27, 0, 0, 0, 4);
INSERT INTO milestoneagescore (milestone_id, age, count, avg_score, stddev_score, expected_score) VALUES (1008, 28, 0, 0, 0, 4);
INSERT INTO milestoneagescore (milestone_id, age, count, avg_score, stddev_score, expected_score) VALUES (1008, 29, 0, 0, 0, 4);
INSERT INTO milestoneagescore (milestone_id, age, count, avg_score, stddev_score, expected_score) VALUES (1008, 30, 0, 0, 0, 4);
INSERT INTO milestoneagescore (milestone_id, age, count, avg_score, stddev_score, expected_score) VALUES (1008, 31, 0, 0, 0, 4);
INSERT INTO milestoneagescore (milestone_id, age, count, avg_score, stddev_score, expected_score) VALUES (1008, 32, 0, 0, 0, 4);
INSERT INTO milestoneagescore (milestone_id, age, count, avg_score, stddev_score, expected_score) VALUES (1008, 33, 0, 0, 0, 4);
INSERT INTO milestoneagescore (milestone_id, age, count, avg_score, stddev_score, expected_score) VALUES (1008, 34, 0, 0, 0, 4);
INSERT INTO milestoneagescore (milestone_id, age, count, avg_score, stddev_score, expected_score) VALUES (1008, 35, 0, 0, 0, 4);
INSERT INTO milestoneagescore (milestone_id, age, count, avg_score, stddev_score, expected_score) VALUES (1008, 36, 0, 0, 0, 4);
INSERT INTO milestoneagescore (milestone_id, age, count, avg_score, stddev_score, expected_score) VALUES (1008, 37, 0, 0, 0, 4);
INSERT INTO milestoneagescore (milestone_id, age, count, avg_score, stddev_score, expected_score) VALUES (1008, 38, 0, 0, 0, 4);
INSERT INTO milestoneagescore (milestone_id, age, count, avg_score, stddev_score, expected_score) VALUES (1008, 39, 0, 0, 0, 4);
INSERT INTO milestoneagescore (milestone_id, age, count, avg_score, stddev_score, expected_score) VALUES (1008, 40, 0, 0, 0, 4);
INSERT INTO milestoneagescore (milestone_id, age, count, avg_score, stddev_score, expected_score) VALUES (1008, 41, 0, 0, 0, 4);
INSERT INTO milestoneagescore (milestone_id, age, count, avg_score, stddev_score, expected_score) VALUES (1008, 42, 0, 0, 0, 4);
INSERT INTO milestoneagescore (milestone_id, age, count, avg_score, stddev_score, expected_score) VALUES (1008, 43, 0, 0, 0, 4);
INSERT INTO milestoneagescore (milestone_id, age, count, avg_score, stddev_score, expected_score) VALUES (1008, 44, 0, 0, 0, 4);
INSERT INTO milestoneagescore (milestone_id, age, count, avg_score, stddev_score, expected_score) VALUES (1008, 45, 0, 0, 0, 4);
INSERT INTO milestoneagescore (milestone_id, age, count, avg_score, stddev_score, expected_score) VALUES (1008, 46, 0, 0, 0, 4);
INSERT INTO milestoneagescore (milestone_id, age, count, avg_score, stddev_score, expected_score) VALUES (1008, 47, 0, 0, 0, 4);
INSERT INTO milestoneagescore (milestone_id, age, count, avg_score, stddev_score, expected_score) VALUES (1008, 48, 0, 0, 0, 4);
INSERT INTO milestoneagescore (milestone_id, age, count, avg_score, stddev_score, expected_score) VALUES (1008, 49, 0, 0, 0, 4);
INSERT INTO milestoneagescore (milestone_id, age, count, avg_score, stddev_score, expected_score) VALUES (1008, 50, 0, 0, 0, 4);
INSERT INTO milestoneagescore (milestone_id, age, count, avg_score, stddev_score, expected_score) VALUES (1008, 51, 0, 0, 0, 4);
INSERT INTO milestoneagescore (milestone_id, age, count, avg_score, stddev_score, expected_score) VALUES (1008, 52, 0, 0, 0, 4);
INSERT INTO milestoneagescore (milestone_id, age, count, avg_score, stddev_score, expected_score) VALUES (1008, 53, 0, 0, 0, 4);
INSERT INTO milestoneagescore (milestone_id, age, count, avg_score, stddev_score, expected_score) VALUES (1008, 54, 0, 0, 0, 4);
INSERT INTO milestoneagescore (milestone_id, age, count, avg_score, stddev_score, expected_score) VALUES (1008, 55, 0, 0, 0, 4);
INSERT INTO milestoneagescore (milestone_id, age, count, avg_score, stddev_score, expected_score) VALUES (1008, 56, 0, 0, 0, 4);
INSERT INTO milestoneagescore (milestone_id, age, count, avg_score, stddev_score, expected_score) VALUES (1008, 57, 0, 0, 0, 4);
INSERT INTO milestoneagescore (milestone_id, age, count, avg_score, stddev_score, expected_score) VALUES (1008, 58, 0, 0, 0, 4);
INSERT INTO milestoneagescore (milestone_id, age, count, avg_score, stddev_score, expected_score) VALUES (1008, 59, 0, 0, 0, 4);
INSERT INTO milestoneagescore (milestone_id, age, count, avg_score, stddev_score, expected_score) VALUES (1008, 60, 0, 0, 0, 4);
INSERT INTO milestoneagescore (milestone_id, age, count, avg_score, stddev_score, expected_score) VALUES (1008, 61, 0, 0, 0, 4);
INSERT INTO milestoneagescore (milestone_id, age, count, avg_score, stddev_score, expected_score) VALUES (1008, 62, 0, 0, 0, 4);
INSERT INTO milestoneagescore (milestone_id, age, count, avg_score, stddev_score, expected_score) VALUES (1008, 63, 0, 0, 0, 4);
INSERT INTO milestoneagescore (milestone_id, age, count, avg_score, stddev_score, expected_score) VALUES (1008, 64, 0, 0, 0, 4);
INSERT INTO milestoneagescore (milestone_id, age, count, avg_score, stddev_score, expected_score) VALUES (1008, 65, 0, 0, 0, 4);
INSERT INTO milestoneagescore (milestone_id, age, count, avg_score, stddev_score, expected_score) VALUES (1008, 66, 0, 0, 0, 4);
INSERT INTO milestoneagescore (milestone_id, age, count, avg_score, stddev_score, expected_score) VALUES (1008, 67, 0, 0, 0, 4);
INSERT INTO milestoneagescore (milestone_id, age, count, avg_score, stddev_score, expected_score) VALUES (1008, 68, 0, 0, 0, 4);
INSERT INTO milestoneagescore (milestone_id, age, count, avg_score, stddev_score, expected_score) VALUES (1008, 69, 0, 0, 0, 4);
INSERT INTO milestoneagescore (milestone_id, age, count, avg_score, stddev_score, expected_score) VALUES (1008, 70, 0, 0, 0, 4);
INSERT INTO milestoneagescore (milestone_id, age, count, avg_score, stddev_score, expected_score) VALUES (1008, 71, 0, 0, 0, 4);
INSERT INTO milestoneagescore (milestone_id, age, count, avg_score, stddev_score, expected_score) VALUES (1008, 72, 0, 0, 0, 4);
INSERT INTO milestoneagescore (milestone_id, age, count, avg_score, stddev_score, expected_score) VALUES (1008, 73, 0, 0, 0, 4);
INSERT INTO milestoneagescore (milestone_id, age, count, avg_score, stddev_score, expected_score) VALUES (1008, 74, 0, 0, 0, 4);
INSERT INTO milestoneagescore (milestone_id, age, count, avg_score, stddev_score, expected_score) VALUES (1008, 75, 0, 0, 0, 4);
INSERT INTO milestoneagescore (milestone_id, age, count, avg_score, stddev_score, expected_score) VALUES (1008, 76, 0, 0, 0, 4);
INSERT INTO milestoneagescore (milestone_id, age, count, avg_score, stddev_score, expected_score) VALUES (1008, 77, 0, 0, 0, 4);
INSERT INTO milestoneagescore (milestone_id, age, count, avg_score, stddev_score, expected_score) VALUES (1008, 78, 0, 0, 0, 4);
INSERT INTO milestoneagescore (milestone_id, age, count, avg_score, stddev_score, expected_score) VALUES (1008, 79, 0, 0, 0, 4);
INSERT INTO milestoneagescore (milestone_id, age, count, avg_score, stddev_score, expected_score) VALUES (1008, 80, 0, 0, 0, 4);
INSERT INTO milestoneagescore (milestone_id, age, count, avg_score, stddev_score, expected_score) VALUES (1008, 81, 0, 0, 0, 4);
INSERT INTO milestoneagescore (milestone_id, age, count, avg_score, stddev_score, expected_score) VALUES (1008, 82, 0, 0, 0, 4);
INSERT INTO milestoneagescore (milestone_id, age, count, avg_score, stddev_score, expected_score) VALUES (1008, 83, 0, 0, 0, 4);
INSERT INTO milestoneagescore (milestone_id, age, count, avg_score, stddev_score, expected_score) VALUES (1008, 84, 0, 0, 0, 4);
INSERT INTO milestoneagescore (milestone_id, age, count, avg_score, stddev_score, expected_score) VALUES (1008, 85, 0, 0, 0, 4);
INSERT INTO milestoneagescore (milestone_id, age, count, avg_score, stddev_score, expected_score) VALUES (1008, 86, 0, 0, 0, 4);
INSERT INTO milestoneagescore (milestone_id, age, count, avg_score, stddev_score, expected_score) VALUES (1008, 87, 0, 0, 0, 4);
INSERT INTO milestoneagescore (milestone_id, age, count, avg_score, stddev_score, expected_score) VALUES (1008, 88, 0, 0, 0, 4);
INSERT INTO milestoneagescore (milestone_id, age, count, avg_score, stddev_score, expected_score) VALUES (1008, 89, 0, 0, 0, 4);
INSERT INTO milestoneagescore (milestone_id, age, count, avg_score, stddev_score, expected_score) VALUES (1008, 90, 0, 0, 0, 4);
INSERT INTO milestoneagescore (milestone_id, age, count, avg_score, stddev_score, expected_score) VALUES (1008, 91, 0, 0, 0, 4);
INSERT INTO milestoneagescore (milestone_id, age, count, avg_score, stddev_score, expected_score) VALUES (1008, 92, 0, 0, 0, 4);
INSERT INTO milestoneagescore (milestone_id, age, count, avg_score, stddev_score, expected_score) VALUES (1008, 93, 0, 0, 0, 4);
INSERT INTO milestoneagescore (milestone_id, age, count, avg_score, stddev_score, expected_score) VALUES (1008, 94, 0, 0, 0, 4);
INSERT INTO milestoneagescore (milestone_id, age, count, avg_score, stddev_score, expected_score) VALUES (1008, 95, 0, 0, 0, 4);
INSERT INTO milestoneagescore (milestone_id, age, count, avg_score, stddev_score, expected_score) VALUES (1008, 96, 0, 0, 0, 4);
INSERT INTO milestoneagescore (milestone_id, age, count, avg_score, stddev_score, expected_score) VALUES (1008, 97, 0, 0, 0, 4);
INSERT INTO milestoneagescore (milestone_id, age, count, avg_score, stddev_score, expected_score) VALUES (1008, 98, 0, 0, 0, 4);
INSERT INTO milestoneagescore (milestone_id, age, count, avg_score, stddev_score, expected_score) VALUES (1008, 99, 0, 0, 0, 4);
INSERT INTO milestoneagescore (milestone_id, age, count, avg_score, stddev_score, expected_score) VALUES (1008, 100, 0, 0, 0, 4);
INSERT INTO milestoneagescore (milestone_id, age, count, avg_score, stddev_score, expected_score) VALUES (1009, 0, 0, 0, 0, 4);
INSERT INTO milestoneagescore (milestone_id, age, count, avg_score, stddev_score, expected_score) VALUES (1009, 1, 1, 1, 0, 4);
INSERT INTO milestoneagescore (milestone_id, age, count, avg_score, stddev_score, expected_score) VALUES (1009, 2, 0, 0, 0, 4);
INSERT INTO milestoneagescore (milestone_id, age, count, avg_score, stddev_score, expected_score) VALUES (1009, 3, 0, 0, 0, 4);
INSERT INTO milestoneagescore (milestone_id, age, count, avg_score, stddev_score, expected_score) VALUES (1009, 4, 0, 0, 0, 4);
INSERT INTO milestoneagescore (milestone_id, age, count, avg_score, stddev_score, expected_score) VALUES (1009, 5, 0, 0, 0, 4);
INSERT INTO milestoneagescore (milestone_id, age, count, avg_score, stddev_score, expected_score) VALUES (1009, 6, 1, 1, 0, 4);
INSERT INTO milestoneagescore (milestone_id, age, count, avg_score, stddev_score, expected_score) VALUES (1009, 7, 0, 0, 0, 4);
INSERT INTO milestoneagescore (milestone_id, age, count, avg_score, stddev_score, expected_score) VALUES (1009, 8, 0, 0, 0, 4);
INSERT INTO milestoneagescore (milestone_id, age, count, avg_score, stddev_score, expected_score) VALUES (1009, 9, 0, 0, 0, 4);
INSERT INTO milestoneagescore (milestone_id, age, count, avg_score, stddev_score, expected_score) VALUES (1009, 10, 1, 1, 0, 4);
INSERT INTO milestoneagescore (milestone_id, age, count, avg_score, stddev_score, expected_score) VALUES (1009, 11, 0, 0, 0, 4);
INSERT INTO milestoneagescore (milestone_id, age, count, avg_score, stddev_score, expected_score) VALUES (1009, 12, 0, 0, 0, 4);
INSERT INTO milestoneagescore (milestone_id, age, count, avg_score, stddev_score, expected_score) VALUES (1009, 13, 0, 0, 0, 4);
INSERT INTO milestoneagescore (milestone_id, age, count, avg_score, stddev_score, expected_score) VALUES (1009, 14, 0, 0, 0, 4);
INSERT INTO milestoneagescore (milestone_id, age, count, avg_score, stddev_score, expected_score) VALUES (1009, 15, 0, 0, 0, 4);
INSERT INTO milestoneagescore (milestone_id, age, count, avg_score, stddev_score, expected_score) VALUES (1009, 16, 0, 0, 0, 4);
INSERT INTO milestoneagescore (milestone_id, age, count, avg_score, stddev_score, expected_score) VALUES (1009, 17, 0, 0, 0, 4);
INSERT INTO milestoneagescore (milestone_id, age, count, avg_score, stddev_score, expected_score) VALUES (1009, 18, 0, 0, 0, 4);
INSERT INTO milestoneagescore (milestone_id, age, count, avg_score, stddev_score, expected_score) VALUES (1009, 19, 0, 0, 0, 4);
INSERT INTO milestoneagescore (milestone_id, age, count, avg_score, stddev_score, expected_score) VALUES (1009, 20, 0, 0, 0, 4);
INSERT INTO milestoneagescore (milestone_id, age, count, avg_score, stddev_score, expected_score) VALUES (1009, 21, 0, 0, 0, 4);
INSERT INTO milestoneagescore (milestone_id, age, count, avg_score, stddev_score, expected_score) VALUES (1009, 22, 0, 0, 0, 4);
INSERT INTO milestoneagescore (milestone_id, age, count, avg_score, stddev_score, expected_score) VALUES (1009, 23, 0, 0, 0, 4);
INSERT INTO milestoneagescore (milestone_id, age, count, avg_score, stddev_score, expected_score) VALUES (1009, 24, 0, 0, 0, 4);
INSERT INTO milestoneagescore (milestone_id, age, count, avg_score, stddev_score, expected_score) VALUES (1009, 25, 0, 0, 0, 4);
INSERT INTO milestoneagescore (milestone_id, age, count, avg_score, stddev_score, expected_score) VALUES (1009, 26, 0, 0, 0, 4);
INSERT INTO milestoneagescore (milestone_id, age, count, avg_score, stddev_score, expected_score) VALUES (1009, 27, 0, 0, 0, 4);
INSERT INTO milestoneagescore (milestone_id, age, count, avg_score, stddev_score, expected_score) VALUES (1009, 28, 0, 0, 0, 4);
INSERT INTO milestoneagescore (milestone_id, age, count, avg_score, stddev_score, expected_score) VALUES (1009, 29, 0, 0, 0, 4);
INSERT INTO milestoneagescore (milestone_id, age, count, avg_score, stddev_score, expected_score) VALUES (1009, 30, 0, 0, 0, 4);
INSERT INTO milestoneagescore (milestone_id, age, count, avg_score, stddev_score, expected_score) VALUES (1009, 31, 0, 0, 0, 4);
INSERT INTO milestoneagescore (milestone_id, age, count, avg_score, stddev_score, expected_score) VALUES (1009, 32, 0, 0, 0, 4);
INSERT INTO milestoneagescore (milestone_id, age, count, avg_score, stddev_score, expected_score) VALUES (1009, 33, 0, 0, 0, 4);
INSERT INTO milestoneagescore (milestone_id, age, count, avg_score, stddev_score, expected_score) VALUES (1009, 34, 0, 0, 0, 4);
INSERT INTO milestoneagescore (milestone_id, age, count, avg_score, stddev_score, expected_score) VALUES (1009, 35, 0, 0, 0, 4);
INSERT INTO milestoneagescore (milestone_id, age, count, avg_score, stddev_score, expected_score) VALUES (1009, 36, 0, 0, 0, 4);
INSERT INTO milestoneagescore (milestone_id, age, count, avg_score, stddev_score, expected_score) VALUES (1009, 37, 0, 0, 0, 4);
INSERT INTO milestoneagescore (milestone_id, age, count, avg_score, stddev_score, expected_score) VALUES (1009, 38, 0, 0, 0, 4);
INSERT INTO milestoneagescore (milestone_id, age, count, avg_score, stddev_score, expected_score) VALUES (1009, 39, 0, 0, 0, 4);
INSERT INTO milestoneagescore (milestone_id, age, count, avg_score, stddev_score, expected_score) VALUES (1009, 40, 0, 0, 0, 4);
INSERT INTO milestoneagescore (milestone_id, age, count, avg_score, stddev_score, expected_score) VALUES (1009, 41, 0, 0, 0, 4);
INSERT INTO milestoneagescore (milestone_id, age, count, avg_score, stddev_score, expected_score) VALUES (1009, 42, 0, 0, 0, 4);
INSERT INTO milestoneagescore (milestone_id, age, count, avg_score, stddev_score, expected_score) VALUES (1009, 43, 0, 0, 0, 4);
INSERT INTO milestoneagescore (milestone_id, age, count, avg_score, stddev_score, expected_score) VALUES (1009, 44, 0, 0, 0, 4);
INSERT INTO milestoneagescore (milestone_id, age, count, avg_score, stddev_score, expected_score) VALUES (1009, 45, 0, 0, 0, 4);
INSERT INTO milestoneagescore (milestone_id, age, count, avg_score, stddev_score, expected_score) VALUES (1009, 46, 0, 0, 0, 4);
INSERT INTO milestoneagescore (milestone_id, age, count, avg_score, stddev_score, expected_score) VALUES (1009, 47, 0, 0, 0, 4);
INSERT INTO milestoneagescore (milestone_id, age, count, avg_score, stddev_score, expected_score) VALUES (1009, 48, 0, 0, 0, 4);
INSERT INTO milestoneagescore (milestone_id, age, count, avg_score, stddev_score, expected_score) VALUES (1009, 49, 0, 0, 0, 4);
INSERT INTO milestoneagescore (milestone_id, age, count, avg_score, stddev_score, expected_score) VALUES (1009, 50, 0, 0, 0, 4);
INSERT INTO milestoneagescore (milestone_id, age, count, avg_score, stddev_score, expected_score) VALUES (1009, 51, 0, 0, 0, 4);
INSERT INTO milestoneagescore (milestone_id, age, count, avg_score, stddev_score, expected_score) VALUES (1009, 52, 0, 0, 0, 4);
INSERT INTO milestoneagescore (milestone_id, age, count, avg_score, stddev_score, expected_score) VALUES (1009, 53, 0, 0, 0, 4);
INSERT INTO milestoneagescore (milestone_id, age, count, avg_score, stddev_score, expected_score) VALUES (1009, 54, 0, 0, 0, 4);
INSERT INTO milestoneagescore (milestone_id, age, count, avg_score, stddev_score, expected_score) VALUES (1009, 55, 0, 0, 0, 4);
INSERT INTO milestoneagescore (milestone_id, age, count, avg_score, stddev_score, expected_score) VALUES (1009, 56, 0, 0, 0, 4);
INSERT INTO milestoneagescore (milestone_id, age, count, avg_score, stddev_score, expected_score) VALUES (1009, 57, 0, 0, 0, 4);
INSERT INTO milestoneagescore (milestone_id, age, count, avg_score, stddev_score, expected_score) VALUES (1009, 58, 0, 0, 0, 4);
INSERT INTO milestoneagescore (milestone_id, age, count, avg_score, stddev_score, expected_score) VALUES (1009, 59, 0, 0, 0, 4);
INSERT INTO milestoneagescore (milestone_id, age, count, avg_score, stddev_score, expected_score) VALUES (1009, 60, 0, 0, 0, 4);
INSERT INTO milestoneagescore (milestone_id, age, count, avg_score, stddev_score, expected_score) VALUES (1009, 61, 0, 0, 0, 4);
INSERT INTO milestoneagescore (milestone_id, age, count, avg_score, stddev_score, expected_score) VALUES (1009, 62, 0, 0, 0, 4);
INSERT INTO milestoneagescore (milestone_id, age, count, avg_score, stddev_score, expected_score) VALUES (1009, 63, 0, 0, 0, 4);
INSERT INTO milestoneagescore (milestone_id, age, count, avg_score, stddev_score, expected_score) VALUES (1009, 64, 0, 0, 0, 4);
INSERT INTO milestoneagescore (milestone_id, age, count, avg_score, stddev_score, expected_score) VALUES (1009, 65, 0, 0, 0, 4);
INSERT INTO milestoneagescore (milestone_id, age, count, avg_score, stddev_score, expected_score) VALUES (1009, 66, 0, 0, 0, 4);
INSERT INTO milestoneagescore (milestone_id, age, count, avg_score, stddev_score, expected_score) VALUES (1009, 67, 0, 0, 0, 4);
INSERT INTO milestoneagescore (milestone_id, age, count, avg_score, stddev_score, expected_score) VALUES (1009, 68, 0, 0, 0, 4);
INSERT INTO milestoneagescore (milestone_id, age, count, avg_score, stddev_score, expected_score) VALUES (1009, 69, 0, 0, 0, 4);
INSERT INTO milestoneagescore (milestone_id, age, count, avg_score, stddev_score, expected_score) VALUES (1009, 70, 0, 0, 0, 4);
INSERT INTO milestoneagescore (milestone_id, age, count, avg_score, stddev_score, expected_score) VALUES (1009, 71, 0, 0, 0, 4);
INSERT INTO milestoneagescore (milestone_id, age, count, avg_score, stddev_score, expected_score) VALUES (1009, 72, 0, 0, 0, 4);
INSERT INTO milestoneagescore (milestone_id, age, count, avg_score, stddev_score, expected_score) VALUES (1009, 73, 0, 0, 0, 4);
INSERT INTO milestoneagescore (milestone_id, age, count, avg_score, stddev_score, expected_score) VALUES (1009, 74, 0, 0, 0, 4);
INSERT INTO milestoneagescore (milestone_id, age, count, avg_score, stddev_score, expected_score) VALUES (1009, 75, 0, 0, 0, 4);
INSERT INTO milestoneagescore (milestone_id, age, count, avg_score, stddev_score, expected_score) VALUES (1009, 76, 0, 0, 0, 4);
INSERT INTO milestoneagescore (milestone_id, age, count, avg_score, stddev_score, expected_score) VALUES (1009, 77, 0, 0, 0, 4);
INSERT INTO milestoneagescore (milestone_id, age, count, avg_score, stddev_score, expected_score) VALUES (1009, 78, 0, 0, 0, 4);
INSERT INTO milestoneagescore (milestone_id, age, count, avg_score, stddev_score, expected_score) VALUES (1009, 79, 0, 0, 0, 4);
INSERT INTO milestoneagescore (milestone_id, age, count, avg_score, stddev_score, expected_score) VALUES (1009, 80, 0, 0, 0, 4);
INSERT INTO milestoneagescore (milestone_id, age, count, avg_score, stddev_score, expected_score) VALUES (1009, 81, 0, 0, 0, 4);
INSERT INTO milestoneagescore (milestone_id, age, count, avg_score, stddev_score, expected_score) VALUES (1009, 82, 0, 0, 0, 4);
INSERT INTO milestoneagescore (milestone_id, age, count, avg_score, stddev_score, expected_score) VALUES (1009, 83, 0, 0, 0, 4);
INSERT INTO milestoneagescore (milestone_id, age, count, avg_score, stddev_score, expected_score) VALUES (1009, 84, 0, 0, 0, 4);
INSERT INTO milestoneagescore (milestone_id, age, count, avg_score, stddev_score, expected_score) VALUES (1009, 85, 0, 0, 0, 4);
INSERT INTO milestoneagescore (milestone_id, age, count, avg_score, stddev_score, expected_score) VALUES (1009, 86, 0, 0, 0, 4);
INSERT INTO milestoneagescore (milestone_id, age, count, avg_score, stddev_score, expected_score) VALUES (1009, 87, 0, 0, 0, 4);
INSERT INTO milestoneagescore (milestone_id, age, count, avg_score, stddev_score, expected_score) VALUES (1009, 88, 0, 0, 0, 4);
INSERT INTO milestoneagescore (milestone_id, age, count, avg_score, stddev_score, expected_score) VALUES (1009, 89, 0, 0, 0, 4);
INSERT INTO milestoneagescore (milestone_id, age, count, avg_score, stddev_score, expected_score) VALUES (1009, 90, 0, 0, 0, 4);
INSERT INTO milestoneagescore (milestone_id, age, count, avg_score, stddev_score, expected_score) VALUES (1009, 91, 0, 0, 0, 4);
INSERT INTO milestoneagescore (milestone_id, age, count, avg_score, stddev_score, expected_score) VALUES (1009, 92, 0, 0, 0, 4);
INSERT INTO milestoneagescore (milestone_id, age, count, avg_score, stddev_score, expected_score) VALUES (1009, 93, 0, 0, 0, 4);
INSERT INTO milestoneagescore (milestone_id, age, count, avg_score, stddev_score, expected_score) VALUES (1009, 94, 0, 0, 0, 4);
INSERT INTO milestoneagescore (milestone_id, age, count, avg_score, stddev_score, expected_score) VALUES (1009, 95, 0, 0, 0, 4);
INSERT INTO milestoneagescore (milestone_id, age, count, avg_score, stddev_score, expected_score) VALUES (1009, 96, 0, 0, 0, 4);
INSERT INTO milestoneagescore (milestone_id, age, count, avg_score, stddev_score, expected_score) VALUES (1009, 97, 0, 0, 0, 4);
INSERT INTO milestoneagescore (milestone_id, age, count, avg_score, stddev_score, expected_score) VALUES (1009, 98, 0, 0, 0, 4);
INSERT INTO milestoneagescore (milestone_id, age, count, avg_score, stddev_score, expected_score) VALUES (1009, 99, 0, 0, 0, 4);
INSERT INTO milestoneagescore (milestone_id, age, count, avg_score, stddev_score, expected_score) VALUES (1009, 100, 0, 0, 0, 4);
INSERT INTO milestoneagescore (milestone_id, age, count, avg_score, stddev_score, expected_score) VALUES (1000, 0, 0, 0, 0, 1);
INSERT INTO milestoneagescore (milestone_id, age, count, avg_score, stddev_score, expected_score) VALUES (1000, 1, 0, 0, 0, 1);
INSERT INTO milestoneagescore (milestone_id, age, count, avg_score, stddev_score, expected_score) VALUES (1000, 2, 0, 0, 0, 1);
INSERT INTO milestoneagescore (milestone_id, age, count, avg_score, stddev_score, expected_score) VALUES (1000, 3, 0, 0, 0, 1);
INSERT INTO milestoneagescore (milestone_id, age, count, avg_score, stddev_score, expected_score) VALUES (1000, 4, 0, 0, 0, 1);
INSERT INTO milestoneagescore (milestone_id, age, count, avg_score, stddev_score, expected_score) VALUES (1000, 5, 0, 0, 0, 1);
INSERT INTO milestoneagescore (milestone_id, age, count, avg_score, stddev_score, expected_score) VALUES (1000, 6, 1, 4, 0, 4);
INSERT INTO milestoneagescore (milestone_id, age, count, avg_score, stddev_score, expected_score) VALUES (1000, 7, 0, 0, 0, 4);
INSERT INTO milestoneagescore (milestone_id, age, count, avg_score, stddev_score, expected_score) VALUES (1000, 8, 0, 0, 0, 4);
INSERT INTO milestoneagescore (milestone_id, age, count, avg_score, stddev_score, expected_score) VALUES (1000, 9, 1, 3, 0, 4);
INSERT INTO milestoneagescore (milestone_id, age, count, avg_score, stddev_score, expected_score) VALUES (1000, 10, 1, 4, 0, 4);
INSERT INTO milestoneagescore (milestone_id, age, count, avg_score, stddev_score, expected_score) VALUES (1000, 11, 0, 0, 0, 4);
INSERT INTO milestoneagescore (milestone_id, age, count, avg_score, stddev_score, expected_score) VALUES (1000, 12, 0, 0, 0, 4);
INSERT INTO milestoneagescore (milestone_id, age, count, avg_score, stddev_score, expected_score) VALUES (1000, 13, 0, 0, 0, 4);
INSERT INTO milestoneagescore (milestone_id, age, count, avg_score, stddev_score, expected_score) VALUES (1000, 14, 0, 0, 0, 4);
INSERT INTO milestoneagescore (milestone_id, age, count, avg_score, stddev_score, expected_score) VALUES (1000, 15, 0, 0, 0, 4);
INSERT INTO milestoneagescore (milestone_id, age, count, avg_score, stddev_score, expected_score) VALUES (1000, 16, 0, 0, 0, 4);
INSERT INTO milestoneagescore (milestone_id, age, count, avg_score, stddev_score, expected_score) VALUES (1000, 17, 0, 0, 0, 4);
INSERT INTO milestoneagescore (milestone_id, age, count, avg_score, stddev_score, expected_score) VALUES (1000, 18, 0, 0, 0, 4);
INSERT INTO milestoneagescore (milestone_id, age, count, avg_score, stddev_score, expected_score) VALUES (1000, 19, 0, 0, 0, 4);
INSERT INTO milestoneagescore (milestone_id, age, count, avg_score, stddev_score, expected_score) VALUES (1000, 20, 0, 0, 0, 4);
INSERT INTO milestoneagescore (milestone_id, age, count, avg_score, stddev_score, expected_score) VALUES (1000, 21, 0, 0, 0, 4);
INSERT INTO milestoneagescore (milestone_id, age, count, avg_score, stddev_score, expected_score) VALUES (1000, 22, 0, 0, 0, 4);
INSERT INTO milestoneagescore (milestone_id, age, count, avg_score, stddev_score, expected_score) VALUES (1000, 23, 0, 0, 0, 4);
INSERT INTO milestoneagescore (milestone_id, age, count, avg_score, stddev_score, expected_score) VALUES (1000, 24, 0, 0, 0, 4);
INSERT INTO milestoneagescore (milestone_id, age, count, avg_score, stddev_score, expected_score) VALUES (1000, 25, 0, 0, 0, 4);
INSERT INTO milestoneagescore (milestone_id, age, count, avg_score, stddev_score, expected_score) VALUES (1000, 26, 0, 0, 0, 4);
INSERT INTO milestoneagescore (milestone_id, age, count, avg_score, stddev_score, expected_score) VALUES (1000, 27, 0, 0, 0, 4);
INSERT INTO milestoneagescore (milestone_id, age, count, avg_score, stddev_score, expected_score) VALUES (1000, 28, 0, 0, 0, 4);
INSERT INTO milestoneagescore (milestone_id, age, count, avg_score, stddev_score, expected_score) VALUES (1000, 29, 0, 0, 0, 4);
INSERT INTO milestoneagescore (milestone_id, age, count, avg_score, stddev_score, expected_score) VALUES (1000, 30, 0, 0, 0, 4);
INSERT INTO milestoneagescore (milestone_id, age, count, avg_score, stddev_score, expected_score) VALUES (1000, 31, 0, 0, 0, 4);
INSERT INTO milestoneagescore (milestone_id, age, count, avg_score, stddev_score, expected_score) VALUES (1000, 32, 0, 0, 0, 4);
INSERT INTO milestoneagescore (milestone_id, age, count, avg_score, stddev_score, expected_score) VALUES (1000, 33, 0, 0, 0, 4);
INSERT INTO milestoneagescore (milestone_id, age, count, avg_score, stddev_score, expected_score) VALUES (1000, 34, 0, 0, 0, 4);
INSERT INTO milestoneagescore (milestone_id, age, count, avg_score, stddev_score, expected_score) VALUES (1000, 35, 0, 0, 0, 4);
INSERT INTO milestoneagescore (milestone_id, age, count, avg_score, stddev_score, expected_score) VALUES (1000, 36, 0, 0, 0, 4);
INSERT INTO milestoneagescore (milestone_id, age, count, avg_score, stddev_score, expected_score) VALUES (1000, 37, 0, 0, 0, 4);
INSERT INTO milestoneagescore (milestone_id, age, count, avg_score, stddev_score, expected_score) VALUES (1000, 38, 0, 0, 0, 4);
INSERT INTO milestoneagescore (milestone_id, age, count, avg_score, stddev_score, expected_score) VALUES (1000, 39, 0, 0, 0, 4);
INSERT INTO milestoneagescore (milestone_id, age, count, avg_score, stddev_score, expected_score) VALUES (1000, 40, 0, 0, 0, 4);
INSERT INTO milestoneagescore (milestone_id, age, count, avg_score, stddev_score, expected_score) VALUES (1000, 41, 0, 0, 0, 4);
INSERT INTO milestoneagescore (milestone_id, age, count, avg_score, stddev_score, expected_score) VALUES (1000, 42, 0, 0, 0, 4);
INSERT INTO milestoneagescore (milestone_id, age, count, avg_score, stddev_score, expected_score) VALUES (1000, 43, 0, 0, 0, 4);
INSERT INTO milestoneagescore (milestone_id, age, count, avg_score, stddev_score, expected_score) VALUES (1000, 44, 0, 0, 0, 4);
INSERT INTO milestoneagescore (milestone_id, age, count, avg_score, stddev_score, expected_score) VALUES (1000, 45, 0, 0, 0, 4);
INSERT INTO milestoneagescore (milestone_id, age, count, avg_score, stddev_score, expected_score) VALUES (1000, 46, 0, 0, 0, 4);
INSERT INTO milestoneagescore (milestone_id, age, count, avg_score, stddev_score, expected_score) VALUES (1000, 47, 0, 0, 0, 4);
INSERT INTO milestoneagescore (milestone_id, age, count, avg_score, stddev_score, expected_score) VALUES (1000, 48, 0, 0, 0, 4);
INSERT INTO milestoneagescore (milestone_id, age, count, avg_score, stddev_score, expected_score) VALUES (1000, 49, 0, 0, 0, 4);
INSERT INTO milestoneagescore (milestone_id, age, count, avg_score, stddev_score, expected_score) VALUES (1000, 50, 0, 0, 0, 4);
INSERT INTO milestoneagescore (milestone_id, age, count, avg_score, stddev_score, expected_score) VALUES (1000, 51, 0, 0, 0, 4);
INSERT INTO milestoneagescore (milestone_id, age, count, avg_score, stddev_score, expected_score) VALUES (1000, 52, 0, 0, 0, 4);
INSERT INTO milestoneagescore (milestone_id, age, count, avg_score, stddev_score, expected_score) VALUES (1000, 53, 0, 0, 0, 4);
INSERT INTO milestoneagescore (milestone_id, age, count, avg_score, stddev_score, expected_score) VALUES (1000, 54, 0, 0, 0, 4);
INSERT INTO milestoneagescore (milestone_id, age, count, avg_score, stddev_score, expected_score) VALUES (1000, 55, 0, 0, 0, 4);
INSERT INTO milestoneagescore (milestone_id, age, count, avg_score, stddev_score, expected_score) VALUES (1000, 56, 0, 0, 0, 4);
INSERT INTO milestoneagescore (milestone_id, age, count, avg_score, stddev_score, expected_score) VALUES (1000, 57, 0, 0, 0, 4);
INSERT INTO milestoneagescore (milestone_id, age, count, avg_score, stddev_score, expected_score) VALUES (1000, 58, 0, 0, 0, 4);
INSERT INTO milestoneagescore (milestone_id, age, count, avg_score, stddev_score, expected_score) VALUES (1000, 59, 0, 0, 0, 4);
INSERT INTO milestoneagescore (milestone_id, age, count, avg_score, stddev_score, expected_score) VALUES (1000, 60, 0, 0, 0, 4);
INSERT INTO milestoneagescore (milestone_id, age, count, avg_score, stddev_score, expected_score) VALUES (1000, 61, 0, 0, 0, 4);
INSERT INTO milestoneagescore (milestone_id, age, count, avg_score, stddev_score, expected_score) VALUES (1000, 62, 0, 0, 0, 4);
INSERT INTO milestoneagescore (milestone_id, age, count, avg_score, stddev_score, expected_score) VALUES (1000, 63, 0, 0, 0, 4);
INSERT INTO milestoneagescore (milestone_id, age, count, avg_score, stddev_score, expected_score) VALUES (1000, 64, 0, 0, 0, 4);
INSERT INTO milestoneagescore (milestone_id, age, count, avg_score, stddev_score, expected_score) VALUES (1000, 65, 0, 0, 0, 4);
INSERT INTO milestoneagescore (milestone_id, age, count, avg_score, stddev_score, expected_score) VALUES (1000, 66, 0, 0, 0, 4);
INSERT INTO milestoneagescore (milestone_id, age, count, avg_score, stddev_score, expected_score) VALUES (1000, 67, 0, 0, 0, 4);
INSERT INTO milestoneagescore (milestone_id, age, count, avg_score, stddev_score, expected_score) VALUES (1000, 68, 0, 0, 0, 4);
INSERT INTO milestoneagescore (milestone_id, age, count, avg_score, stddev_score, expected_score) VALUES (1000, 69, 0, 0, 0, 4);
INSERT INTO milestoneagescore (milestone_id, age, count, avg_score, stddev_score, expected_score) VALUES (1000, 70, 0, 0, 0, 4);
INSERT INTO milestoneagescore (milestone_id, age, count, avg_score, stddev_score, expected_score) VALUES (1000, 71, 0, 0, 0, 4);
INSERT INTO milestoneagescore (milestone_id, age, count, avg_score, stddev_score, expected_score) VALUES (1000, 72, 0, 0, 0, 4);
INSERT INTO milestoneagescore (milestone_id, age, count, avg_score, stddev_score, expected_score) VALUES (1000, 73, 0, 0, 0, 4);
INSERT INTO milestoneagescore (milestone_id, age, count, avg_score, stddev_score, expected_score) VALUES (1000, 74, 0, 0, 0, 4);
INSERT INTO milestoneagescore (milestone_id, age, count, avg_score, stddev_score, expected_score) VALUES (1000, 75, 0, 0, 0, 4);
INSERT INTO milestoneagescore (milestone_id, age, count, avg_score, stddev_score, expected_score) VALUES (1000, 76, 0, 0, 0, 4);
INSERT INTO milestoneagescore (milestone_id, age, count, avg_score, stddev_score, expected_score) VALUES (1000, 77, 0, 0, 0, 4);
INSERT INTO milestoneagescore (milestone_id, age, count, avg_score, stddev_score, expected_score) VALUES (1000, 78, 0, 0, 0, 4);
INSERT INTO milestoneagescore (milestone_id, age, count, avg_score, stddev_score, expected_score) VALUES (1000, 79, 0, 0, 0, 4);
INSERT INTO milestoneagescore (milestone_id, age, count, avg_score, stddev_score, expected_score) VALUES (1000, 80, 0, 0, 0, 4);
INSERT INTO milestoneagescore (milestone_id, age, count, avg_score, stddev_score, expected_score) VALUES (1000, 81, 0, 0, 0, 4);
INSERT INTO milestoneagescore (milestone_id, age, count, avg_score, stddev_score, expected_score) VALUES (1000, 82, 0, 0, 0, 4);
INSERT INTO milestoneagescore (milestone_id, age, count, avg_score, stddev_score, expected_score) VALUES (1000, 83, 0, 0, 0, 4);
INSERT INTO milestoneagescore (milestone_id, age, count, avg_score, stddev_score, expected_score) VALUES (1000, 84, 0, 0, 0, 4);
INSERT INTO milestoneagescore (milestone_id, age, count, avg_score, stddev_score, expected_score) VALUES (1000, 85, 0, 0, 0, 4);
INSERT INTO milestoneagescore (milestone_id, age, count, avg_score, stddev_score, expected_score) VALUES (1000, 86, 0, 0, 0, 4);
INSERT INTO milestoneagescore (milestone_id, age, count, avg_score, stddev_score, expected_score) VALUES (1000, 87, 0, 0, 0, 4);
INSERT INTO milestoneagescore (milestone_id, age, count, avg_score, stddev_score, expected_score) VALUES (1000, 88, 0, 0, 0, 4);
INSERT INTO milestoneagescore (milestone_id, age, count, avg_score, stddev_score, expected_score) VALUES (1000, 89, 0, 0, 0, 4);
INSERT INTO milestoneagescore (milestone_id, age, count, avg_score, stddev_score, expected_score) VALUES (1000, 90, 0, 0, 0, 4);
INSERT INTO milestoneagescore (milestone_id, age, count, avg_score, stddev_score, expected_score) VALUES (1000, 91, 0, 0, 0, 4);
INSERT INTO milestoneagescore (milestone_id, age, count, avg_score, stddev_score, expected_score) VALUES (1000, 92, 0, 0, 0, 4);
INSERT INTO milestoneagescore (milestone_id, age, count, avg_score, stddev_score, expected_score) VALUES (1000, 93, 0, 0, 0, 4);
INSERT INTO milestoneagescore (milestone_id, age, count, avg_score, stddev_score, expected_score) VALUES (1000, 94, 0, 0, 0, 4);
INSERT INTO milestoneagescore (milestone_id, age, count, avg_score, stddev_score, expected_score) VALUES (1000, 95, 0, 0, 0, 4);
INSERT INTO milestoneagescore (milestone_id, age, count, avg_score, stddev_score, expected_score) VALUES (1000, 96, 0, 0, 0, 4);
INSERT INTO milestoneagescore (milestone_id, age, count, avg_score, stddev_score, expected_score) VALUES (1000, 97, 0, 0, 0, 4);
INSERT INTO milestoneagescore (milestone_id, age, count, avg_score, stddev_score, expected_score) VALUES (1000, 98, 0, 0, 0, 4);
INSERT INTO milestoneagescore (milestone_id, age, count, avg_score, stddev_score, expected_score) VALUES (1000, 99, 0, 0, 0, 4);
INSERT INTO milestoneagescore (milestone_id, age, count, avg_score, stddev_score, expected_score) VALUES (1000, 100, 0, 0, 0, 4);
INSERT INTO milestoneagescore (milestone_id, age, count, avg_score, stddev_score, expected_score) VALUES (1006, 0, 0, 0, 0, 1);
INSERT INTO milestoneagescore (milestone_id, age, count, avg_score, stddev_score, expected_score) VALUES (1006, 1, 0, 0, 0, 1);
INSERT INTO milestoneagescore (milestone_id, age, count, avg_score, stddev_score, expected_score) VALUES (1006, 2, 0, 0, 0, 1);
INSERT INTO milestoneagescore (milestone_id, age, count, avg_score, stddev_score, expected_score) VALUES (1006, 3, 0, 0, 0, 1);
INSERT INTO milestoneagescore (milestone_id, age, count, avg_score, stddev_score, expected_score) VALUES (1006, 4, 0, 0, 0, 1);
INSERT INTO milestoneagescore (milestone_id, age, count, avg_score, stddev_score, expected_score) VALUES (1006, 5, 0, 0, 0, 1);
INSERT INTO milestoneagescore (milestone_id, age, count, avg_score, stddev_score, expected_score) VALUES (1006, 6, 0, 0, 0, 1);
INSERT INTO milestoneagescore (milestone_id, age, count, avg_score, stddev_score, expected_score) VALUES (1006, 7, 0, 0, 0, 1);
INSERT INTO milestoneagescore (milestone_id, age, count, avg_score, stddev_score, expected_score) VALUES (1006, 8, 0, 0, 0, 1);
INSERT INTO milestoneagescore (milestone_id, age, count, avg_score, stddev_score, expected_score) VALUES (1006, 9, 1, 3, 0, 4);
INSERT INTO milestoneagescore (milestone_id, age, count, avg_score, stddev_score, expected_score) VALUES (1006, 10, 1, 4, 0, 4);
INSERT INTO milestoneagescore (milestone_id, age, count, avg_score, stddev_score, expected_score) VALUES (1006, 11, 0, 0, 0, 4);
INSERT INTO milestoneagescore (milestone_id, age, count, avg_score, stddev_score, expected_score) VALUES (1006, 12, 0, 0, 0, 4);
INSERT INTO milestoneagescore (milestone_id, age, count, avg_score, stddev_score, expected_score) VALUES (1006, 13, 0, 0, 0, 4);
INSERT INTO milestoneagescore (milestone_id, age, count, avg_score, stddev_score, expected_score) VALUES (1006, 14, 0, 0, 0, 4);
INSERT INTO milestoneagescore (milestone_id, age, count, avg_score, stddev_score, expected_score) VALUES (1006, 15, 0, 0, 0, 4);
INSERT INTO milestoneagescore (milestone_id, age, count, avg_score, stddev_score, expected_score) VALUES (1006, 16, 0, 0, 0, 4);
INSERT INTO milestoneagescore (milestone_id, age, count, avg_score, stddev_score, expected_score) VALUES (1006, 17, 0, 0, 0, 4);
INSERT INTO milestoneagescore (milestone_id, age, count, avg_score, stddev_score, expected_score) VALUES (1006, 18, 0, 0, 0, 4);
INSERT INTO milestoneagescore (milestone_id, age, count, avg_score, stddev_score, expected_score) VALUES (1006, 19, 0, 0, 0, 4);
INSERT INTO milestoneagescore (milestone_id, age, count, avg_score, stddev_score, expected_score) VALUES (1006, 20, 0, 0, 0, 4);
INSERT INTO milestoneagescore (milestone_id, age, count, avg_score, stddev_score, expected_score) VALUES (1006, 21, 0, 0, 0, 4);
INSERT INTO milestoneagescore (milestone_id, age, count, avg_score, stddev_score, expected_score) VALUES (1006, 22, 0, 0, 0, 4);
INSERT INTO milestoneagescore (milestone_id, age, count, avg_score, stddev_score, expected_score) VALUES (1006, 23, 0, 0, 0, 4);
INSERT INTO milestoneagescore (milestone_id, age, count, avg_score, stddev_score, expected_score) VALUES (1006, 24, 0, 0, 0, 4);
INSERT INTO milestoneagescore (milestone_id, age, count, avg_score, stddev_score, expected_score) VALUES (1006, 25, 0, 0, 0, 4);
INSERT INTO milestoneagescore (milestone_id, age, count, avg_score, stddev_score, expected_score) VALUES (1006, 26, 0, 0, 0, 4);
INSERT INTO milestoneagescore (milestone_id, age, count, avg_score, stddev_score, expected_score) VALUES (1006, 27, 0, 0, 0, 4);
INSERT INTO milestoneagescore (milestone_id, age, count, avg_score, stddev_score, expected_score) VALUES (1006, 28, 0, 0, 0, 4);
INSERT INTO milestoneagescore (milestone_id, age, count, avg_score, stddev_score, expected_score) VALUES (1006, 29, 0, 0, 0, 4);
INSERT INTO milestoneagescore (milestone_id, age, count, avg_score, stddev_score, expected_score) VALUES (1006, 30, 0, 0, 0, 4);
INSERT INTO milestoneagescore (milestone_id, age, count, avg_score, stddev_score, expected_score) VALUES (1006, 31, 0, 0, 0, 4);
INSERT INTO milestoneagescore (milestone_id, age, count, avg_score, stddev_score, expected_score) VALUES (1006, 32, 0, 0, 0, 4);
INSERT INTO milestoneagescore (milestone_id, age, count, avg_score, stddev_score, expected_score) VALUES (1006, 33, 0, 0, 0, 4);
INSERT INTO milestoneagescore (milestone_id, age, count, avg_score, stddev_score, expected_score) VALUES (1006, 34, 0, 0, 0, 4);
INSERT INTO milestoneagescore (milestone_id, age, count, avg_score, stddev_score, expected_score) VALUES (1006, 35, 0, 0, 0, 4);
INSERT INTO milestoneagescore (milestone_id, age, count, avg_score, stddev_score, expected_score) VALUES (1006, 36, 0, 0, 0, 4);
INSERT INTO milestoneagescore (milestone_id, age, count, avg_score, stddev_score, expected_score) VALUES (1006, 37, 0, 0, 0, 4);
INSERT INTO milestoneagescore (milestone_id, age, count, avg_score, stddev_score, expected_score) VALUES (1006, 38, 0, 0, 0, 4);
INSERT INTO milestoneagescore (milestone_id, age, count, avg_score, stddev_score, expected_score) VALUES (1006, 39, 0, 0, 0, 4);
INSERT INTO milestoneagescore (milestone_id, age, count, avg_score, stddev_score, expected_score) VALUES (1006, 40, 0, 0, 0, 4);
INSERT INTO milestoneagescore (milestone_id, age, count, avg_score, stddev_score, expected_score) VALUES (1006, 41, 0, 0, 0, 4);
INSERT INTO milestoneagescore (milestone_id, age, count, avg_score, stddev_score, expected_score) VALUES (1006, 42, 0, 0, 0, 4);
INSERT INTO milestoneagescore (milestone_id, age, count, avg_score, stddev_score, expected_score) VALUES (1006, 43, 0, 0, 0, 4);
INSERT INTO milestoneagescore (milestone_id, age, count, avg_score, stddev_score, expected_score) VALUES (1006, 44, 0, 0, 0, 4);
INSERT INTO milestoneagescore (milestone_id, age, count, avg_score, stddev_score, expected_score) VALUES (1006, 45, 0, 0, 0, 4);
INSERT INTO milestoneagescore (milestone_id, age, count, avg_score, stddev_score, expected_score) VALUES (1006, 46, 0, 0, 0, 4);
INSERT INTO milestoneagescore (milestone_id, age, count, avg_score, stddev_score, expected_score) VALUES (1006, 47, 0, 0, 0, 4);
INSERT INTO milestoneagescore (milestone_id, age, count, avg_score, stddev_score, expected_score) VALUES (1006, 48, 0, 0, 0, 4);
INSERT INTO milestoneagescore (milestone_id, age, count, avg_score, stddev_score, expected_score) VALUES (1006, 49, 0, 0, 0, 4);
INSERT INTO milestoneagescore (milestone_id, age, count, avg_score, stddev_score, expected_score) VALUES (1006, 50, 0, 0, 0, 4);
INSERT INTO milestoneagescore (milestone_id, age, count, avg_score, stddev_score, expected_score) VALUES (1006, 51, 0, 0, 0, 4);
INSERT INTO milestoneagescore (milestone_id, age, count, avg_score, stddev_score, expected_score) VALUES (1006, 52, 0, 0, 0, 4);
INSERT INTO milestoneagescore (milestone_id, age, count, avg_score, stddev_score, expected_score) VALUES (1006, 53, 0, 0, 0, 4);
INSERT INTO milestoneagescore (milestone_id, age, count, avg_score, stddev_score, expected_score) VALUES (1006, 54, 0, 0, 0, 4);
INSERT INTO milestoneagescore (milestone_id, age, count, avg_score, stddev_score, expected_score) VALUES (1006, 55, 0, 0, 0, 4);
INSERT INTO milestoneagescore (milestone_id, age, count, avg_score, stddev_score, expected_score) VALUES (1006, 56, 0, 0, 0, 4);
INSERT INTO milestoneagescore (milestone_id, age, count, avg_score, stddev_score, expected_score) VALUES (1006, 57, 0, 0, 0, 4);
INSERT INTO milestoneagescore (milestone_id, age, count, avg_score, stddev_score, expected_score) VALUES (1006, 58, 0, 0, 0, 4);
INSERT INTO milestoneagescore (milestone_id, age, count, avg_score, stddev_score, expected_score) VALUES (1006, 59, 0, 0, 0, 4);
INSERT INTO milestoneagescore (milestone_id, age, count, avg_score, stddev_score, expected_score) VALUES (1006, 60, 0, 0, 0, 4);
INSERT INTO milestoneagescore (milestone_id, age, count, avg_score, stddev_score, expected_score) VALUES (1006, 61, 0, 0, 0, 4);
INSERT INTO milestoneagescore (milestone_id, age, count, avg_score, stddev_score, expected_score) VALUES (1006, 62, 0, 0, 0, 4);
INSERT INTO milestoneagescore (milestone_id, age, count, avg_score, stddev_score, expected_score) VALUES (1006, 63, 0, 0, 0, 4);
INSERT INTO milestoneagescore (milestone_id, age, count, avg_score, stddev_score, expected_score) VALUES (1006, 64, 0, 0, 0, 4);
INSERT INTO milestoneagescore (milestone_id, age, count, avg_score, stddev_score, expected_score) VALUES (1006, 65, 0, 0, 0, 4);
INSERT INTO milestoneagescore (milestone_id, age, count, avg_score, stddev_score, expected_score) VALUES (1006, 66, 0, 0, 0, 4);
INSERT INTO milestoneagescore (milestone_id, age, count, avg_score, stddev_score, expected_score) VALUES (1006, 67, 0, 0, 0, 4);
INSERT INTO milestoneagescore (milestone_id, age, count, avg_score, stddev_score, expected_score) VALUES (1006, 68, 0, 0, 0, 4);
INSERT INTO milestoneagescore (milestone_id, age, count, avg_score, stddev_score, expected_score) VALUES (1006, 69, 0, 0, 0, 4);
INSERT INTO milestoneagescore (milestone_id, age, count, avg_score, stddev_score, expected_score) VALUES (1006, 70, 0, 0, 0, 4);
INSERT INTO milestoneagescore (milestone_id, age, count, avg_score, stddev_score, expected_score) VALUES (1006, 71, 0, 0, 0, 4);
INSERT INTO milestoneagescore (milestone_id, age, count, avg_score, stddev_score, expected_score) VALUES (1006, 72, 0, 0, 0, 4);
INSERT INTO milestoneagescore (milestone_id, age, count, avg_score, stddev_score, expected_score) VALUES (1006, 73, 0, 0, 0, 4);
INSERT INTO milestoneagescore (milestone_id, age, count, avg_score, stddev_score, expected_score) VALUES (1006, 74, 0, 0, 0, 4);
INSERT INTO milestoneagescore (milestone_id, age, count, avg_score, stddev_score, expected_score) VALUES (1006, 75, 0, 0, 0, 4);
INSERT INTO milestoneagescore (milestone_id, age, count, avg_score, stddev_score, expected_score) VALUES (1006, 76, 0, 0, 0, 4);
INSERT INTO milestoneagescore (milestone_id, age, count, avg_score, stddev_score, expected_score) VALUES (1006, 77, 0, 0, 0, 4);
INSERT INTO milestoneagescore (milestone_id, age, count, avg_score, stddev_score, expected_score) VALUES (1006, 78, 0, 0, 0, 4);
INSERT INTO milestoneagescore (milestone_id, age, count, avg_score, stddev_score, expected_score) VALUES (1006, 79, 0, 0, 0, 4);
INSERT INTO milestoneagescore (milestone_id, age, count, avg_score, stddev_score, expected_score) VALUES (1006, 80, 0, 0, 0, 4);
INSERT INTO milestoneagescore (milestone_id, age, count, avg_score, stddev_score, expected_score) VALUES (1006, 81, 0, 0, 0, 4);
INSERT INTO milestoneagescore (milestone_id, age, count, avg_score, stddev_score, expected_score) VALUES (1006, 82, 0, 0, 0, 4);
INSERT INTO milestoneagescore (milestone_id, age, count, avg_score, stddev_score, expected_score) VALUES (1006, 83, 0, 0, 0, 4);
INSERT INTO milestoneagescore (milestone_id, age, count, avg_score, stddev_score, expected_score) VALUES (1006, 84, 0, 0, 0, 4);
INSERT INTO milestoneagescore (milestone_id, age, count, avg_score, stddev_score, expected_score) VALUES (1006, 85, 0, 0, 0, 4);
INSERT INTO milestoneagescore (milestone_id, age, count, avg_score, stddev_score, expected_score) VALUES (1006, 86, 0, 0, 0, 4);
INSERT INTO milestoneagescore (milestone_id, age, count, avg_score, stddev_score, expected_score) VALUES (1006, 87, 0, 0, 0, 4);
INSERT INTO milestoneagescore (milestone_id, age, count, avg_score, stddev_score, expected_score) VALUES (1006, 88, 0, 0, 0, 4);
INSERT INTO milestoneagescore (milestone_id, age, count, avg_score, stddev_score, expected_score) VALUES (1006, 89, 0, 0, 0, 4);
INSERT INTO milestoneagescore (milestone_id, age, count, avg_score, stddev_score, expected_score) VALUES (1006, 90, 0, 0, 0, 4);
INSERT INTO milestoneagescore (milestone_id, age, count, avg_score, stddev_score, expected_score) VALUES (1006, 91, 0, 0, 0, 4);
INSERT INTO milestoneagescore (milestone_id, age, count, avg_score, stddev_score, expected_score) VALUES (1006, 92, 0, 0, 0, 4);
INSERT INTO milestoneagescore (milestone_id, age, count, avg_score, stddev_score, expected_score) VALUES (1006, 93, 0, 0, 0, 4);
INSERT INTO milestoneagescore (milestone_id, age, count, avg_score, stddev_score, expected_score) VALUES (1006, 94, 0, 0, 0, 4);
INSERT INTO milestoneagescore (milestone_id, age, count, avg_score, stddev_score, expected_score) VALUES (1006, 95, 0, 0, 0, 4);
INSERT INTO milestoneagescore (milestone_id, age, count, avg_score, stddev_score, expected_score) VALUES (1006, 96, 0, 0, 0, 4);
INSERT INTO milestoneagescore (milestone_id, age, count, avg_score, stddev_score, expected_score) VALUES (1006, 97, 0, 0, 0, 4);
INSERT INTO milestoneagescore (milestone_id, age, count, avg_score, stddev_score, expected_score) VALUES (1006, 98, 0, 0, 0, 4);
INSERT INTO milestoneagescore (milestone_id, age, count, avg_score, stddev_score, expected_score) VALUES (1006, 99, 0, 0, 0, 4);
INSERT INTO milestoneagescore (milestone_id, age, count, avg_score, stddev_score, expected_score) VALUES (1006, 100, 0, 0, 0, 4);
INSERT INTO milestoneagescore (milestone_id, age, count, avg_score, stddev_score, expected_score) VALUES (1007, 0, 0, 0, 0, 4);
INSERT INTO milestoneagescore (milestone_id, age, count, avg_score, stddev_score, expected_score) VALUES (1007, 1, 0, 0, 0, 4);
INSERT INTO milestoneagescore (milestone_id, age, count, avg_score, stddev_score, expected_score) VALUES (1007, 2, 0, 0, 0, 4);
INSERT INTO milestoneagescore (milestone_id, age, count, avg_score, stddev_score, expected_score) VALUES (1007, 3, 0, 0, 0, 4);
INSERT INTO milestoneagescore (milestone_id, age, count, avg_score, stddev_score, expected_score) VALUES (1007, 4, 0, 0, 0, 4);
INSERT INTO milestoneagescore (milestone_id, age, count, avg_score, stddev_score, expected_score) VALUES (1007, 5, 0, 0, 0, 4);
INSERT INTO milestoneagescore (milestone_id, age, count, avg_score, stddev_score, expected_score) VALUES (1007, 6, 0, 0, 0, 4);
INSERT INTO milestoneagescore (milestone_id, age, count, avg_score, stddev_score, expected_score) VALUES (1007, 7, 0, 0, 0, 4);
INSERT INTO milestoneagescore (milestone_id, age, count, avg_score, stddev_score, expected_score) VALUES (1007, 8, 0, 0, 0, 4);
INSERT INTO milestoneagescore (milestone_id, age, count, avg_score, stddev_score, expected_score) VALUES (1007, 9, 1, 2, 0, 4);
INSERT INTO milestoneagescore (milestone_id, age, count, avg_score, stddev_score, expected_score) VALUES (1007, 10, 0, 0, 0, 4);
INSERT INTO milestoneagescore (milestone_id, age, count, avg_score, stddev_score, expected_score) VALUES (1007, 11, 0, 0, 0, 4);
INSERT INTO milestoneagescore (milestone_id, age, count, avg_score, stddev_score, expected_score) VALUES (1007, 12, 0, 0, 0, 4);
INSERT INTO milestoneagescore (milestone_id, age, count, avg_score, stddev_score, expected_score) VALUES (1007, 13, 0, 0, 0, 4);
INSERT INTO milestoneagescore (milestone_id, age, count, avg_score, stddev_score, expected_score) VALUES (1007, 14, 0, 0, 0, 4);
INSERT INTO milestoneagescore (milestone_id, age, count, avg_score, stddev_score, expected_score) VALUES (1007, 15, 0, 0, 0, 4);
INSERT INTO milestoneagescore (milestone_id, age, count, avg_score, stddev_score, expected_score) VALUES (1007, 16, 0, 0, 0, 4);
INSERT INTO milestoneagescore (milestone_id, age, count, avg_score, stddev_score, expected_score) VALUES (1007, 17, 0, 0, 0, 4);
INSERT INTO milestoneagescore (milestone_id, age, count, avg_score, stddev_score, expected_score) VALUES (1007, 18, 0, 0, 0, 4);
INSERT INTO milestoneagescore (milestone_id, age, count, avg_score, stddev_score, expected_score) VALUES (1007, 19, 0, 0, 0, 4);
INSERT INTO milestoneagescore (milestone_id, age, count, avg_score, stddev_score, expected_score) VALUES (1007, 20, 0, 0, 0, 4);
INSERT INTO milestoneagescore (milestone_id, age, count, avg_score, stddev_score, expected_score) VALUES (1007, 21, 0, 0, 0, 4);
INSERT INTO milestoneagescore (milestone_id, age, count, avg_score, stddev_score, expected_score) VALUES (1007, 22, 0, 0, 0, 4);
INSERT INTO milestoneagescore (milestone_id, age, count, avg_score, stddev_score, expected_score) VALUES (1007, 23, 0, 0, 0, 4);
INSERT INTO milestoneagescore (milestone_id, age, count, avg_score, stddev_score, expected_score) VALUES (1007, 24, 0, 0, 0, 4);
INSERT INTO milestoneagescore (milestone_id, age, count, avg_score, stddev_score, expected_score) VALUES (1007, 25, 0, 0, 0, 4);
INSERT INTO milestoneagescore (milestone_id, age, count, avg_score, stddev_score, expected_score) VALUES (1007, 26, 0, 0, 0, 4);
INSERT INTO milestoneagescore (milestone_id, age, count, avg_score, stddev_score, expected_score) VALUES (1007, 27, 0, 0, 0, 4);
INSERT INTO milestoneagescore (milestone_id, age, count, avg_score, stddev_score, expected_score) VALUES (1007, 28, 0, 0, 0, 4);
INSERT INTO milestoneagescore (milestone_id, age, count, avg_score, stddev_score, expected_score) VALUES (1007, 29, 0, 0, 0, 4);
INSERT INTO milestoneagescore (milestone_id, age, count, avg_score, stddev_score, expected_score) VALUES (1007, 30, 0, 0, 0, 4);
INSERT INTO milestoneagescore (milestone_id, age, count, avg_score, stddev_score, expected_score) VALUES (1007, 31, 0, 0, 0, 4);
INSERT INTO milestoneagescore (milestone_id, age, count, avg_score, stddev_score, expected_score) VALUES (1007, 32, 0, 0, 0, 4);
INSERT INTO milestoneagescore (milestone_id, age, count, avg_score, stddev_score, expected_score) VALUES (1007, 33, 0, 0, 0, 4);
INSERT INTO milestoneagescore (milestone_id, age, count, avg_score, stddev_score, expected_score) VALUES (1007, 34, 0, 0, 0, 4);
INSERT INTO milestoneagescore (milestone_id, age, count, avg_score, stddev_score, expected_score) VALUES (1007, 35, 0, 0, 0, 4);
INSERT INTO milestoneagescore (milestone_id, age, count, avg_score, stddev_score, expected_score) VALUES (1007, 36, 0, 0, 0, 4);
INSERT INTO milestoneagescore (milestone_id, age, count, avg_score, stddev_score, expected_score) VALUES (1007, 37, 0, 0, 0, 4);
INSERT INTO milestoneagescore (milestone_id, age, count, avg_score, stddev_score, expected_score) VALUES (1007, 38, 0, 0, 0, 4);
INSERT INTO milestoneagescore (milestone_id, age, count, avg_score, stddev_score, expected_score) VALUES (1007, 39, 0, 0, 0, 4);
INSERT INTO milestoneagescore (milestone_id, age, count, avg_score, stddev_score, expected_score) VALUES (1007, 40, 0, 0, 0, 4);
INSERT INTO milestoneagescore (milestone_id, age, count, avg_score, stddev_score, expected_score) VALUES (1007, 41, 0, 0, 0, 4);
INSERT INTO milestoneagescore (milestone_id, age, count, avg_score, stddev_score, expected_score) VALUES (1007, 42, 0, 0, 0, 4);
INSERT INTO milestoneagescore (milestone_id, age, count, avg_score, stddev_score, expected_score) VALUES (1007, 43, 0, 0, 0, 4);
INSERT INTO milestoneagescore (milestone_id, age, count, avg_score, stddev_score, expected_score) VALUES (1007, 44, 0, 0, 0, 4);
INSERT INTO milestoneagescore (milestone_id, age, count, avg_score, stddev_score, expected_score) VALUES (1007, 45, 0, 0, 0, 4);
INSERT INTO milestoneagescore (milestone_id, age, count, avg_score, stddev_score, expected_score) VALUES (1007, 46, 0, 0, 0, 4);
INSERT INTO milestoneagescore (milestone_id, age, count, avg_score, stddev_score, expected_score) VALUES (1007, 47, 0, 0, 0, 4);
INSERT INTO milestoneagescore (milestone_id, age, count, avg_score, stddev_score, expected_score) VALUES (1007, 48, 0, 0, 0, 4);
INSERT INTO milestoneagescore (milestone_id, age, count, avg_score, stddev_score, expected_score) VALUES (1007, 49, 0, 0, 0, 4);
INSERT INTO milestoneagescore (milestone_id, age, count, avg_score, stddev_score, expected_score) VALUES (1007, 50, 0, 0, 0, 4);
INSERT INTO milestoneagescore (milestone_id, age, count, avg_score, stddev_score, expected_score) VALUES (1007, 51, 0, 0, 0, 4);
INSERT INTO milestoneagescore (milestone_id, age, count, avg_score, stddev_score, expected_score) VALUES (1007, 52, 0, 0, 0, 4);
INSERT INTO milestoneagescore (milestone_id, age, count, avg_score, stddev_score, expected_score) VALUES (1007, 53, 0, 0, 0, 4);
INSERT INTO milestoneagescore (milestone_id, age, count, avg_score, stddev_score, expected_score) VALUES (1007, 54, 0, 0, 0, 4);
INSERT INTO milestoneagescore (milestone_id, age, count, avg_score, stddev_score, expected_score) VALUES (1007, 55, 0, 0, 0, 4);
INSERT INTO milestoneagescore (milestone_id, age, count, avg_score, stddev_score, expected_score) VALUES (1007, 56, 0, 0, 0, 4);
INSERT INTO milestoneagescore (milestone_id, age, count, avg_score, stddev_score, expected_score) VALUES (1007, 57, 0, 0, 0, 4);
INSERT INTO milestoneagescore (milestone_id, age, count, avg_score, stddev_score, expected_score) VALUES (1007, 58, 0, 0, 0, 4);
INSERT INTO milestoneagescore (milestone_id, age, count, avg_score, stddev_score, expected_score) VALUES (1007, 59, 0, 0, 0, 4);
INSERT INTO milestoneagescore (milestone_id, age, count, avg_score, stddev_score, expected_score) VALUES (1007, 60, 0, 0, 0, 4);
INSERT INTO milestoneagescore (milestone_id, age, count, avg_score, stddev_score, expected_score) VALUES (1007, 61, 0, 0, 0, 4);
INSERT INTO milestoneagescore (milestone_id, age, count, avg_score, stddev_score, expected_score) VALUES (1007, 62, 0, 0, 0, 4);
INSERT INTO milestoneagescore (milestone_id, age, count, avg_score, stddev_score, expected_score) VALUES (1007, 63, 0, 0, 0, 4);
INSERT INTO milestoneagescore (milestone_id, age, count, avg_score, stddev_score, expected_score) VALUES (1007, 64, 0, 0, 0, 4);
INSERT INTO milestoneagescore (milestone_id, age, count, avg_score, stddev_score, expected_score) VALUES (1007, 65, 0, 0, 0, 4);
INSERT INTO milestoneagescore (milestone_id, age, count, avg_score, stddev_score, expected_score) VALUES (1007, 66, 0, 0, 0, 4);
INSERT INTO milestoneagescore (milestone_id, age, count, avg_score, stddev_score, expected_score) VALUES (1007, 67, 0, 0, 0, 4);
INSERT INTO milestoneagescore (milestone_id, age, count, avg_score, stddev_score, expected_score) VALUES (1007, 68, 0, 0, 0, 4);
INSERT INTO milestoneagescore (milestone_id, age, count, avg_score, stddev_score, expected_score) VALUES (1007, 69, 0, 0, 0, 4);
INSERT INTO milestoneagescore (milestone_id, age, count, avg_score, stddev_score, expected_score) VALUES (1007, 70, 0, 0, 0, 4);
INSERT INTO milestoneagescore (milestone_id, age, count, avg_score, stddev_score, expected_score) VALUES (1007, 71, 0, 0, 0, 4);
INSERT INTO milestoneagescore (milestone_id, age, count, avg_score, stddev_score, expected_score) VALUES (1007, 72, 0, 0, 0, 4);
INSERT INTO milestoneagescore (milestone_id, age, count, avg_score, stddev_score, expected_score) VALUES (1007, 73, 0, 0, 0, 4);
INSERT INTO milestoneagescore (milestone_id, age, count, avg_score, stddev_score, expected_score) VALUES (1007, 74, 0, 0, 0, 4);
INSERT INTO milestoneagescore (milestone_id, age, count, avg_score, stddev_score, expected_score) VALUES (1007, 75, 0, 0, 0, 4);
INSERT INTO milestoneagescore (milestone_id, age, count, avg_score, stddev_score, expected_score) VALUES (1007, 76, 0, 0, 0, 4);
INSERT INTO milestoneagescore (milestone_id, age, count, avg_score, stddev_score, expected_score) VALUES (1007, 77, 0, 0, 0, 4);
INSERT INTO milestoneagescore (milestone_id, age, count, avg_score, stddev_score, expected_score) VALUES (1007, 78, 0, 0, 0, 4);
INSERT INTO milestoneagescore (milestone_id, age, count, avg_score, stddev_score, expected_score) VALUES (1007, 79, 0, 0, 0, 4);
INSERT INTO milestoneagescore (milestone_id, age, count, avg_score, stddev_score, expected_score) VALUES (1007, 80, 0, 0, 0, 4);
INSERT INTO milestoneagescore (milestone_id, age, count, avg_score, stddev_score, expected_score) VALUES (1007, 81, 0, 0, 0, 4);
INSERT INTO milestoneagescore (milestone_id, age, count, avg_score, stddev_score, expected_score) VALUES (1007, 82, 0, 0, 0, 4);
INSERT INTO milestoneagescore (milestone_id, age, count, avg_score, stddev_score, expected_score) VALUES (1007, 83, 0, 0, 0, 4);
INSERT INTO milestoneagescore (milestone_id, age, count, avg_score, stddev_score, expected_score) VALUES (1007, 84, 0, 0, 0, 4);
INSERT INTO milestoneagescore (milestone_id, age, count, avg_score, stddev_score, expected_score) VALUES (1007, 85, 0, 0, 0, 4);
INSERT INTO milestoneagescore (milestone_id, age, count, avg_score, stddev_score, expected_score) VALUES (1007, 86, 0, 0, 0, 4);
INSERT INTO milestoneagescore (milestone_id, age, count, avg_score, stddev_score, expected_score) VALUES (1007, 87, 0, 0, 0, 4);
INSERT INTO milestoneagescore (milestone_id, age, count, avg_score, stddev_score, expected_score) VALUES (1007, 88, 0, 0, 0, 4);
INSERT INTO milestoneagescore (milestone_id, age, count, avg_score, stddev_score, expected_score) VALUES (1007, 89, 0, 0, 0, 4);
INSERT INTO milestoneagescore (milestone_id, age, count, avg_score, stddev_score, expected_score) VALUES (1007, 90, 0, 0, 0, 4);
INSERT INTO milestoneagescore (milestone_id, age, count, avg_score, stddev_score, expected_score) VALUES (1007, 91, 0, 0, 0, 4);
INSERT INTO milestoneagescore (milestone_id, age, count, avg_score, stddev_score, expected_score) VALUES (1007, 92, 0, 0, 0, 4);
INSERT INTO milestoneagescore (milestone_id, age, count, avg_score, stddev_score, expected_score) VALUES (1007, 93, 0, 0, 0, 4);
INSERT INTO milestoneagescore (milestone_id, age, count, avg_score, stddev_score, expected_score) VALUES (1007, 94, 0, 0, 0, 4);
INSERT INTO milestoneagescore (milestone_id, age, count, avg_score, stddev_score, expected_score) VALUES (1007, 95, 0, 0, 0, 4);
INSERT INTO milestoneagescore (milestone_id, age, count, avg_score, stddev_score, expected_score) VALUES (1007, 96, 0, 0, 0, 4);
INSERT INTO milestoneagescore (milestone_id, age, count, avg_score, stddev_score, expected_score) VALUES (1007, 97, 0, 0, 0, 4);
INSERT INTO milestoneagescore (milestone_id, age, count, avg_score, stddev_score, expected_score) VALUES (1007, 98, 0, 0, 0, 4);
INSERT INTO milestoneagescore (milestone_id, age, count, avg_score, stddev_score, expected_score) VALUES (1007, 99, 0, 0, 0, 4);
INSERT INTO milestoneagescore (milestone_id, age, count, avg_score, stddev_score, expected_score) VALUES (1007, 100, 0, 0, 0, 4);

INSERT INTO milestoneagescorecollection (milestone_id, expected_age, created_at) VALUES (1000, 6, '2025-04-09 15:42:58.426575');
INSERT INTO milestoneagescorecollection (milestone_id, expected_age, created_at) VALUES (1001, 6, '2025-04-09 15:42:58.326165');
INSERT INTO milestoneagescorecollection (milestone_id, expected_age, created_at) VALUES (1002, 0, '2025-04-09 15:42:58.343303');
INSERT INTO milestoneagescorecollection (milestone_id, expected_age, created_at) VALUES (1003, 0, '2025-04-09 15:42:58.357104');
INSERT INTO milestoneagescorecollection (milestone_id, expected_age, created_at) VALUES (1004, 0, '2025-04-09 15:42:58.371134');
INSERT INTO milestoneagescorecollection (milestone_id, expected_age, created_at) VALUES (1005, 1, '2025-04-09 15:42:58.384890');
INSERT INTO milestoneagescorecollection (milestone_id, expected_age, created_at) VALUES (1006, 9, '2025-04-09 15:42:58.440392');
INSERT INTO milestoneagescorecollection (milestone_id, expected_age, created_at) VALUES (1007, 0, '2025-04-09 15:42:58.454401');
INSERT INTO milestoneagescorecollection (milestone_id, expected_age, created_at) VALUES (1008, 0, '2025-04-09 15:42:58.398750');
INSERT INTO milestoneagescorecollection (milestone_id, expected_age, created_at) VALUES (1009, 0, '2025-04-09 15:42:58.412881');

INSERT INTO milestonegroupagescore (age, milestone_group_id, count, avg_score, stddev_score) VALUES (0, 1000, 0, 0, 0);
INSERT INTO milestonegroupagescore (age, milestone_group_id, count, avg_score, stddev_score) VALUES (1, 1000, 4, 1, 0);
INSERT INTO milestonegroupagescore (age, milestone_group_id, count, avg_score, stddev_score) VALUES (2, 1000, 0, 0, 0);
INSERT INTO milestonegroupagescore (age, milestone_group_id, count, avg_score, stddev_score) VALUES (3, 1000, 0, 0, 0);
INSERT INTO milestonegroupagescore (age, milestone_group_id, count, avg_score, stddev_score) VALUES (4, 1000, 0, 0, 0);
INSERT INTO milestonegroupagescore (age, milestone_group_id, count, avg_score, stddev_score) VALUES (5, 1000, 0, 0, 0);
INSERT INTO milestonegroupagescore (age, milestone_group_id, count, avg_score, stddev_score) VALUES (6, 1000, 3, 2.6666666666666665, 1.5275252316519465);
INSERT INTO milestonegroupagescore (age, milestone_group_id, count, avg_score, stddev_score) VALUES (7, 1000, 0, 0, 0);
INSERT INTO milestonegroupagescore (age, milestone_group_id, count, avg_score, stddev_score) VALUES (8, 1000, 0, 0, 0);
INSERT INTO milestonegroupagescore (age, milestone_group_id, count, avg_score, stddev_score) VALUES (9, 1000, 4, 1.75, 0.9574271077563381);
INSERT INTO milestonegroupagescore (age, milestone_group_id, count, avg_score, stddev_score) VALUES (10, 1000, 3, 3, 1.7320508075688772);
INSERT INTO milestonegroupagescore (age, milestone_group_id, count, avg_score, stddev_score) VALUES (11, 1000, 0, 0, 0);
INSERT INTO milestonegroupagescore (age, milestone_group_id, count, avg_score, stddev_score) VALUES (12, 1000, 0, 0, 0);
INSERT INTO milestonegroupagescore (age, milestone_group_id, count, avg_score, stddev_score) VALUES (13, 1000, 0, 0, 0);
INSERT INTO milestonegroupagescore (age, milestone_group_id, count, avg_score, stddev_score) VALUES (14, 1000, 0, 0, 0);
INSERT INTO milestonegroupagescore (age, milestone_group_id, count, avg_score, stddev_score) VALUES (15, 1000, 0, 0, 0);
INSERT INTO milestonegroupagescore (age, milestone_group_id, count, avg_score, stddev_score) VALUES (16, 1000, 0, 0, 0);
INSERT INTO milestonegroupagescore (age, milestone_group_id, count, avg_score, stddev_score) VALUES (17, 1000, 0, 0, 0);
INSERT INTO milestonegroupagescore (age, milestone_group_id, count, avg_score, stddev_score) VALUES (18, 1000, 0, 0, 0);
INSERT INTO milestonegroupagescore (age, milestone_group_id, count, avg_score, stddev_score) VALUES (19, 1000, 0, 0, 0);
INSERT INTO milestonegroupagescore (age, milestone_group_id, count, avg_score, stddev_score) VALUES (20, 1000, 0, 0, 0);
INSERT INTO milestonegroupagescore (age, milestone_group_id, count, avg_score, stddev_score) VALUES (21, 1000, 0, 0, 0);
INSERT INTO milestonegroupagescore (age, milestone_group_id, count, avg_score, stddev_score) VALUES (22, 1000, 0, 0, 0);
INSERT INTO milestonegroupagescore (age, milestone_group_id, count, avg_score, stddev_score) VALUES (23, 1000, 0, 0, 0);
INSERT INTO milestonegroupagescore (age, milestone_group_id, count, avg_score, stddev_score) VALUES (24, 1000, 0, 0, 0);
INSERT INTO milestonegroupagescore (age, milestone_group_id, count, avg_score, stddev_score) VALUES (25, 1000, 0, 0, 0);
INSERT INTO milestonegroupagescore (age, milestone_group_id, count, avg_score, stddev_score) VALUES (26, 1000, 0, 0, 0);
INSERT INTO milestonegroupagescore (age, milestone_group_id, count, avg_score, stddev_score) VALUES (27, 1000, 0, 0, 0);
INSERT INTO milestonegroupagescore (age, milestone_group_id, count, avg_score, stddev_score) VALUES (28, 1000, 0, 0, 0);
INSERT INTO milestonegroupagescore (age, milestone_group_id, count, avg_score, stddev_score) VALUES (29, 1000, 0, 0, 0);
INSERT INTO milestonegroupagescore (age, milestone_group_id, count, avg_score, stddev_score) VALUES (30, 1000, 0, 0, 0);
INSERT INTO milestonegroupagescore (age, milestone_group_id, count, avg_score, stddev_score) VALUES (31, 1000, 0, 0, 0);
INSERT INTO milestonegroupagescore (age, milestone_group_id, count, avg_score, stddev_score) VALUES (32, 1000, 0, 0, 0);
INSERT INTO milestonegroupagescore (age, milestone_group_id, count, avg_score, stddev_score) VALUES (33, 1000, 0, 0, 0);
INSERT INTO milestonegroupagescore (age, milestone_group_id, count, avg_score, stddev_score) VALUES (34, 1000, 0, 0, 0);
INSERT INTO milestonegroupagescore (age, milestone_group_id, count, avg_score, stddev_score) VALUES (35, 1000, 0, 0, 0);
INSERT INTO milestonegroupagescore (age, milestone_group_id, count, avg_score, stddev_score) VALUES (36, 1000, 0, 0, 0);
INSERT INTO milestonegroupagescore (age, milestone_group_id, count, avg_score, stddev_score) VALUES (37, 1000, 0, 0, 0);
INSERT INTO milestonegroupagescore (age, milestone_group_id, count, avg_score, stddev_score) VALUES (38, 1000, 0, 0, 0);
INSERT INTO milestonegroupagescore (age, milestone_group_id, count, avg_score, stddev_score) VALUES (39, 1000, 0, 0, 0);
INSERT INTO milestonegroupagescore (age, milestone_group_id, count, avg_score, stddev_score) VALUES (40, 1000, 0, 0, 0);
INSERT INTO milestonegroupagescore (age, milestone_group_id, count, avg_score, stddev_score) VALUES (41, 1000, 0, 0, 0);
INSERT INTO milestonegroupagescore (age, milestone_group_id, count, avg_score, stddev_score) VALUES (42, 1000, 0, 0, 0);
INSERT INTO milestonegroupagescore (age, milestone_group_id, count, avg_score, stddev_score) VALUES (43, 1000, 0, 0, 0);
INSERT INTO milestonegroupagescore (age, milestone_group_id, count, avg_score, stddev_score) VALUES (44, 1000, 0, 0, 0);
INSERT INTO milestonegroupagescore (age, milestone_group_id, count, avg_score, stddev_score) VALUES (45, 1000, 0, 0, 0);
INSERT INTO milestonegroupagescore (age, milestone_group_id, count, avg_score, stddev_score) VALUES (46, 1000, 0, 0, 0);
INSERT INTO milestonegroupagescore (age, milestone_group_id, count, avg_score, stddev_score) VALUES (47, 1000, 0, 0, 0);
INSERT INTO milestonegroupagescore (age, milestone_group_id, count, avg_score, stddev_score) VALUES (48, 1000, 0, 0, 0);
INSERT INTO milestonegroupagescore (age, milestone_group_id, count, avg_score, stddev_score) VALUES (49, 1000, 0, 0, 0);
INSERT INTO milestonegroupagescore (age, milestone_group_id, count, avg_score, stddev_score) VALUES (50, 1000, 0, 0, 0);
INSERT INTO milestonegroupagescore (age, milestone_group_id, count, avg_score, stddev_score) VALUES (51, 1000, 0, 0, 0);
INSERT INTO milestonegroupagescore (age, milestone_group_id, count, avg_score, stddev_score) VALUES (52, 1000, 0, 0, 0);
INSERT INTO milestonegroupagescore (age, milestone_group_id, count, avg_score, stddev_score) VALUES (53, 1000, 0, 0, 0);
INSERT INTO milestonegroupagescore (age, milestone_group_id, count, avg_score, stddev_score) VALUES (54, 1000, 0, 0, 0);
INSERT INTO milestonegroupagescore (age, milestone_group_id, count, avg_score, stddev_score) VALUES (55, 1000, 0, 0, 0);
INSERT INTO milestonegroupagescore (age, milestone_group_id, count, avg_score, stddev_score) VALUES (56, 1000, 0, 0, 0);
INSERT INTO milestonegroupagescore (age, milestone_group_id, count, avg_score, stddev_score) VALUES (57, 1000, 0, 0, 0);
INSERT INTO milestonegroupagescore (age, milestone_group_id, count, avg_score, stddev_score) VALUES (58, 1000, 0, 0, 0);
INSERT INTO milestonegroupagescore (age, milestone_group_id, count, avg_score, stddev_score) VALUES (59, 1000, 0, 0, 0);
INSERT INTO milestonegroupagescore (age, milestone_group_id, count, avg_score, stddev_score) VALUES (60, 1000, 0, 0, 0);
INSERT INTO milestonegroupagescore (age, milestone_group_id, count, avg_score, stddev_score) VALUES (61, 1000, 0, 0, 0);
INSERT INTO milestonegroupagescore (age, milestone_group_id, count, avg_score, stddev_score) VALUES (62, 1000, 0, 0, 0);
INSERT INTO milestonegroupagescore (age, milestone_group_id, count, avg_score, stddev_score) VALUES (63, 1000, 0, 0, 0);
INSERT INTO milestonegroupagescore (age, milestone_group_id, count, avg_score, stddev_score) VALUES (64, 1000, 0, 0, 0);
INSERT INTO milestonegroupagescore (age, milestone_group_id, count, avg_score, stddev_score) VALUES (65, 1000, 0, 0, 0);
INSERT INTO milestonegroupagescore (age, milestone_group_id, count, avg_score, stddev_score) VALUES (66, 1000, 0, 0, 0);
INSERT INTO milestonegroupagescore (age, milestone_group_id, count, avg_score, stddev_score) VALUES (67, 1000, 0, 0, 0);
INSERT INTO milestonegroupagescore (age, milestone_group_id, count, avg_score, stddev_score) VALUES (68, 1000, 0, 0, 0);
INSERT INTO milestonegroupagescore (age, milestone_group_id, count, avg_score, stddev_score) VALUES (69, 1000, 0, 0, 0);
INSERT INTO milestonegroupagescore (age, milestone_group_id, count, avg_score, stddev_score) VALUES (70, 1000, 0, 0, 0);
INSERT INTO milestonegroupagescore (age, milestone_group_id, count, avg_score, stddev_score) VALUES (71, 1000, 0, 0, 0);
INSERT INTO milestonegroupagescore (age, milestone_group_id, count, avg_score, stddev_score) VALUES (72, 1000, 0, 0, 0);
INSERT INTO milestonegroupagescore (age, milestone_group_id, count, avg_score, stddev_score) VALUES (73, 1000, 0, 0, 0);
INSERT INTO milestonegroupagescore (age, milestone_group_id, count, avg_score, stddev_score) VALUES (74, 1000, 0, 0, 0);
INSERT INTO milestonegroupagescore (age, milestone_group_id, count, avg_score, stddev_score) VALUES (75, 1000, 0, 0, 0);
INSERT INTO milestonegroupagescore (age, milestone_group_id, count, avg_score, stddev_score) VALUES (76, 1000, 0, 0, 0);
INSERT INTO milestonegroupagescore (age, milestone_group_id, count, avg_score, stddev_score) VALUES (77, 1000, 0, 0, 0);
INSERT INTO milestonegroupagescore (age, milestone_group_id, count, avg_score, stddev_score) VALUES (78, 1000, 0, 0, 0);
INSERT INTO milestonegroupagescore (age, milestone_group_id, count, avg_score, stddev_score) VALUES (79, 1000, 0, 0, 0);
INSERT INTO milestonegroupagescore (age, milestone_group_id, count, avg_score, stddev_score) VALUES (80, 1000, 0, 0, 0);
INSERT INTO milestonegroupagescore (age, milestone_group_id, count, avg_score, stddev_score) VALUES (81, 1000, 0, 0, 0);
INSERT INTO milestonegroupagescore (age, milestone_group_id, count, avg_score, stddev_score) VALUES (82, 1000, 0, 0, 0);
INSERT INTO milestonegroupagescore (age, milestone_group_id, count, avg_score, stddev_score) VALUES (83, 1000, 0, 0, 0);
INSERT INTO milestonegroupagescore (age, milestone_group_id, count, avg_score, stddev_score) VALUES (84, 1000, 0, 0, 0);
INSERT INTO milestonegroupagescore (age, milestone_group_id, count, avg_score, stddev_score) VALUES (85, 1000, 0, 0, 0);
INSERT INTO milestonegroupagescore (age, milestone_group_id, count, avg_score, stddev_score) VALUES (86, 1000, 0, 0, 0);
INSERT INTO milestonegroupagescore (age, milestone_group_id, count, avg_score, stddev_score) VALUES (87, 1000, 0, 0, 0);
INSERT INTO milestonegroupagescore (age, milestone_group_id, count, avg_score, stddev_score) VALUES (88, 1000, 0, 0, 0);
INSERT INTO milestonegroupagescore (age, milestone_group_id, count, avg_score, stddev_score) VALUES (89, 1000, 0, 0, 0);
INSERT INTO milestonegroupagescore (age, milestone_group_id, count, avg_score, stddev_score) VALUES (90, 1000, 0, 0, 0);
INSERT INTO milestonegroupagescore (age, milestone_group_id, count, avg_score, stddev_score) VALUES (91, 1000, 0, 0, 0);
INSERT INTO milestonegroupagescore (age, milestone_group_id, count, avg_score, stddev_score) VALUES (92, 1000, 0, 0, 0);
INSERT INTO milestonegroupagescore (age, milestone_group_id, count, avg_score, stddev_score) VALUES (93, 1000, 0, 0, 0);
INSERT INTO milestonegroupagescore (age, milestone_group_id, count, avg_score, stddev_score) VALUES (94, 1000, 0, 0, 0);
INSERT INTO milestonegroupagescore (age, milestone_group_id, count, avg_score, stddev_score) VALUES (95, 1000, 0, 0, 0);
INSERT INTO milestonegroupagescore (age, milestone_group_id, count, avg_score, stddev_score) VALUES (96, 1000, 0, 0, 0);
INSERT INTO milestonegroupagescore (age, milestone_group_id, count, avg_score, stddev_score) VALUES (97, 1000, 0, 0, 0);
INSERT INTO milestonegroupagescore (age, milestone_group_id, count, avg_score, stddev_score) VALUES (98, 1000, 0, 0, 0);
INSERT INTO milestonegroupagescore (age, milestone_group_id, count, avg_score, stddev_score) VALUES (99, 1000, 0, 0, 0);
INSERT INTO milestonegroupagescore (age, milestone_group_id, count, avg_score, stddev_score) VALUES (100, 1000, 0, 0, 0);
INSERT INTO milestonegroupagescore (age, milestone_group_id, count, avg_score, stddev_score) VALUES (0, 1001, 0, 0, 0);
INSERT INTO milestonegroupagescore (age, milestone_group_id, count, avg_score, stddev_score) VALUES (1, 1001, 3, 1.6666666666666667, 1.1547005383792517);
INSERT INTO milestonegroupagescore (age, milestone_group_id, count, avg_score, stddev_score) VALUES (2, 1001, 0, 0, 0);
INSERT INTO milestonegroupagescore (age, milestone_group_id, count, avg_score, stddev_score) VALUES (3, 1001, 0, 0, 0);
INSERT INTO milestonegroupagescore (age, milestone_group_id, count, avg_score, stddev_score) VALUES (4, 1001, 0, 0, 0);
INSERT INTO milestonegroupagescore (age, milestone_group_id, count, avg_score, stddev_score) VALUES (5, 1001, 0, 0, 0);
INSERT INTO milestonegroupagescore (age, milestone_group_id, count, avg_score, stddev_score) VALUES (6, 1001, 3, 2, 1.7320508075688772);
INSERT INTO milestonegroupagescore (age, milestone_group_id, count, avg_score, stddev_score) VALUES (7, 1001, 0, 0, 0);
INSERT INTO milestonegroupagescore (age, milestone_group_id, count, avg_score, stddev_score) VALUES (8, 1001, 0, 0, 0);
INSERT INTO milestonegroupagescore (age, milestone_group_id, count, avg_score, stddev_score) VALUES (9, 1001, 3, 2, 1);
INSERT INTO milestonegroupagescore (age, milestone_group_id, count, avg_score, stddev_score) VALUES (10, 1001, 3, 3, 1.7320508075688772);
INSERT INTO milestonegroupagescore (age, milestone_group_id, count, avg_score, stddev_score) VALUES (11, 1001, 0, 0, 0);
INSERT INTO milestonegroupagescore (age, milestone_group_id, count, avg_score, stddev_score) VALUES (12, 1001, 0, 0, 0);
INSERT INTO milestonegroupagescore (age, milestone_group_id, count, avg_score, stddev_score) VALUES (13, 1001, 0, 0, 0);
INSERT INTO milestonegroupagescore (age, milestone_group_id, count, avg_score, stddev_score) VALUES (14, 1001, 0, 0, 0);
INSERT INTO milestonegroupagescore (age, milestone_group_id, count, avg_score, stddev_score) VALUES (15, 1001, 0, 0, 0);
INSERT INTO milestonegroupagescore (age, milestone_group_id, count, avg_score, stddev_score) VALUES (16, 1001, 0, 0, 0);
INSERT INTO milestonegroupagescore (age, milestone_group_id, count, avg_score, stddev_score) VALUES (17, 1001, 0, 0, 0);
INSERT INTO milestonegroupagescore (age, milestone_group_id, count, avg_score, stddev_score) VALUES (18, 1001, 0, 0, 0);
INSERT INTO milestonegroupagescore (age, milestone_group_id, count, avg_score, stddev_score) VALUES (19, 1001, 0, 0, 0);
INSERT INTO milestonegroupagescore (age, milestone_group_id, count, avg_score, stddev_score) VALUES (20, 1001, 0, 0, 0);
INSERT INTO milestonegroupagescore (age, milestone_group_id, count, avg_score, stddev_score) VALUES (21, 1001, 0, 0, 0);
INSERT INTO milestonegroupagescore (age, milestone_group_id, count, avg_score, stddev_score) VALUES (22, 1001, 0, 0, 0);
INSERT INTO milestonegroupagescore (age, milestone_group_id, count, avg_score, stddev_score) VALUES (23, 1001, 0, 0, 0);
INSERT INTO milestonegroupagescore (age, milestone_group_id, count, avg_score, stddev_score) VALUES (24, 1001, 0, 0, 0);
INSERT INTO milestonegroupagescore (age, milestone_group_id, count, avg_score, stddev_score) VALUES (25, 1001, 0, 0, 0);
INSERT INTO milestonegroupagescore (age, milestone_group_id, count, avg_score, stddev_score) VALUES (26, 1001, 0, 0, 0);
INSERT INTO milestonegroupagescore (age, milestone_group_id, count, avg_score, stddev_score) VALUES (27, 1001, 0, 0, 0);
INSERT INTO milestonegroupagescore (age, milestone_group_id, count, avg_score, stddev_score) VALUES (28, 1001, 0, 0, 0);
INSERT INTO milestonegroupagescore (age, milestone_group_id, count, avg_score, stddev_score) VALUES (29, 1001, 0, 0, 0);
INSERT INTO milestonegroupagescore (age, milestone_group_id, count, avg_score, stddev_score) VALUES (30, 1001, 0, 0, 0);
INSERT INTO milestonegroupagescore (age, milestone_group_id, count, avg_score, stddev_score) VALUES (31, 1001, 0, 0, 0);
INSERT INTO milestonegroupagescore (age, milestone_group_id, count, avg_score, stddev_score) VALUES (32, 1001, 0, 0, 0);
INSERT INTO milestonegroupagescore (age, milestone_group_id, count, avg_score, stddev_score) VALUES (33, 1001, 0, 0, 0);
INSERT INTO milestonegroupagescore (age, milestone_group_id, count, avg_score, stddev_score) VALUES (34, 1001, 0, 0, 0);
INSERT INTO milestonegroupagescore (age, milestone_group_id, count, avg_score, stddev_score) VALUES (35, 1001, 0, 0, 0);
INSERT INTO milestonegroupagescore (age, milestone_group_id, count, avg_score, stddev_score) VALUES (36, 1001, 0, 0, 0);
INSERT INTO milestonegroupagescore (age, milestone_group_id, count, avg_score, stddev_score) VALUES (37, 1001, 0, 0, 0);
INSERT INTO milestonegroupagescore (age, milestone_group_id, count, avg_score, stddev_score) VALUES (38, 1001, 0, 0, 0);
INSERT INTO milestonegroupagescore (age, milestone_group_id, count, avg_score, stddev_score) VALUES (39, 1001, 0, 0, 0);
INSERT INTO milestonegroupagescore (age, milestone_group_id, count, avg_score, stddev_score) VALUES (40, 1001, 0, 0, 0);
INSERT INTO milestonegroupagescore (age, milestone_group_id, count, avg_score, stddev_score) VALUES (41, 1001, 0, 0, 0);
INSERT INTO milestonegroupagescore (age, milestone_group_id, count, avg_score, stddev_score) VALUES (42, 1001, 0, 0, 0);
INSERT INTO milestonegroupagescore (age, milestone_group_id, count, avg_score, stddev_score) VALUES (43, 1001, 0, 0, 0);
INSERT INTO milestonegroupagescore (age, milestone_group_id, count, avg_score, stddev_score) VALUES (44, 1001, 0, 0, 0);
INSERT INTO milestonegroupagescore (age, milestone_group_id, count, avg_score, stddev_score) VALUES (45, 1001, 0, 0, 0);
INSERT INTO milestonegroupagescore (age, milestone_group_id, count, avg_score, stddev_score) VALUES (46, 1001, 0, 0, 0);
INSERT INTO milestonegroupagescore (age, milestone_group_id, count, avg_score, stddev_score) VALUES (47, 1001, 0, 0, 0);
INSERT INTO milestonegroupagescore (age, milestone_group_id, count, avg_score, stddev_score) VALUES (48, 1001, 0, 0, 0);
INSERT INTO milestonegroupagescore (age, milestone_group_id, count, avg_score, stddev_score) VALUES (49, 1001, 0, 0, 0);
INSERT INTO milestonegroupagescore (age, milestone_group_id, count, avg_score, stddev_score) VALUES (50, 1001, 0, 0, 0);
INSERT INTO milestonegroupagescore (age, milestone_group_id, count, avg_score, stddev_score) VALUES (51, 1001, 0, 0, 0);
INSERT INTO milestonegroupagescore (age, milestone_group_id, count, avg_score, stddev_score) VALUES (52, 1001, 0, 0, 0);
INSERT INTO milestonegroupagescore (age, milestone_group_id, count, avg_score, stddev_score) VALUES (53, 1001, 0, 0, 0);
INSERT INTO milestonegroupagescore (age, milestone_group_id, count, avg_score, stddev_score) VALUES (54, 1001, 0, 0, 0);
INSERT INTO milestonegroupagescore (age, milestone_group_id, count, avg_score, stddev_score) VALUES (55, 1001, 0, 0, 0);
INSERT INTO milestonegroupagescore (age, milestone_group_id, count, avg_score, stddev_score) VALUES (56, 1001, 0, 0, 0);
INSERT INTO milestonegroupagescore (age, milestone_group_id, count, avg_score, stddev_score) VALUES (57, 1001, 0, 0, 0);
INSERT INTO milestonegroupagescore (age, milestone_group_id, count, avg_score, stddev_score) VALUES (58, 1001, 0, 0, 0);
INSERT INTO milestonegroupagescore (age, milestone_group_id, count, avg_score, stddev_score) VALUES (59, 1001, 0, 0, 0);
INSERT INTO milestonegroupagescore (age, milestone_group_id, count, avg_score, stddev_score) VALUES (60, 1001, 0, 0, 0);
INSERT INTO milestonegroupagescore (age, milestone_group_id, count, avg_score, stddev_score) VALUES (61, 1001, 0, 0, 0);
INSERT INTO milestonegroupagescore (age, milestone_group_id, count, avg_score, stddev_score) VALUES (62, 1001, 0, 0, 0);
INSERT INTO milestonegroupagescore (age, milestone_group_id, count, avg_score, stddev_score) VALUES (63, 1001, 0, 0, 0);
INSERT INTO milestonegroupagescore (age, milestone_group_id, count, avg_score, stddev_score) VALUES (64, 1001, 0, 0, 0);
INSERT INTO milestonegroupagescore (age, milestone_group_id, count, avg_score, stddev_score) VALUES (65, 1001, 0, 0, 0);
INSERT INTO milestonegroupagescore (age, milestone_group_id, count, avg_score, stddev_score) VALUES (66, 1001, 0, 0, 0);
INSERT INTO milestonegroupagescore (age, milestone_group_id, count, avg_score, stddev_score) VALUES (67, 1001, 0, 0, 0);
INSERT INTO milestonegroupagescore (age, milestone_group_id, count, avg_score, stddev_score) VALUES (68, 1001, 0, 0, 0);
INSERT INTO milestonegroupagescore (age, milestone_group_id, count, avg_score, stddev_score) VALUES (69, 1001, 0, 0, 0);
INSERT INTO milestonegroupagescore (age, milestone_group_id, count, avg_score, stddev_score) VALUES (70, 1001, 0, 0, 0);
INSERT INTO milestonegroupagescore (age, milestone_group_id, count, avg_score, stddev_score) VALUES (71, 1001, 0, 0, 0);
INSERT INTO milestonegroupagescore (age, milestone_group_id, count, avg_score, stddev_score) VALUES (72, 1001, 0, 0, 0);
INSERT INTO milestonegroupagescore (age, milestone_group_id, count, avg_score, stddev_score) VALUES (73, 1001, 0, 0, 0);
INSERT INTO milestonegroupagescore (age, milestone_group_id, count, avg_score, stddev_score) VALUES (74, 1001, 0, 0, 0);
INSERT INTO milestonegroupagescore (age, milestone_group_id, count, avg_score, stddev_score) VALUES (75, 1001, 0, 0, 0);
INSERT INTO milestonegroupagescore (age, milestone_group_id, count, avg_score, stddev_score) VALUES (76, 1001, 0, 0, 0);
INSERT INTO milestonegroupagescore (age, milestone_group_id, count, avg_score, stddev_score) VALUES (77, 1001, 0, 0, 0);
INSERT INTO milestonegroupagescore (age, milestone_group_id, count, avg_score, stddev_score) VALUES (78, 1001, 0, 0, 0);
INSERT INTO milestonegroupagescore (age, milestone_group_id, count, avg_score, stddev_score) VALUES (79, 1001, 0, 0, 0);
INSERT INTO milestonegroupagescore (age, milestone_group_id, count, avg_score, stddev_score) VALUES (80, 1001, 0, 0, 0);
INSERT INTO milestonegroupagescore (age, milestone_group_id, count, avg_score, stddev_score) VALUES (81, 1001, 0, 0, 0);
INSERT INTO milestonegroupagescore (age, milestone_group_id, count, avg_score, stddev_score) VALUES (82, 1001, 0, 0, 0);
INSERT INTO milestonegroupagescore (age, milestone_group_id, count, avg_score, stddev_score) VALUES (83, 1001, 0, 0, 0);
INSERT INTO milestonegroupagescore (age, milestone_group_id, count, avg_score, stddev_score) VALUES (84, 1001, 0, 0, 0);
INSERT INTO milestonegroupagescore (age, milestone_group_id, count, avg_score, stddev_score) VALUES (85, 1001, 0, 0, 0);
INSERT INTO milestonegroupagescore (age, milestone_group_id, count, avg_score, stddev_score) VALUES (86, 1001, 0, 0, 0);
INSERT INTO milestonegroupagescore (age, milestone_group_id, count, avg_score, stddev_score) VALUES (87, 1001, 0, 0, 0);
INSERT INTO milestonegroupagescore (age, milestone_group_id, count, avg_score, stddev_score) VALUES (88, 1001, 0, 0, 0);
INSERT INTO milestonegroupagescore (age, milestone_group_id, count, avg_score, stddev_score) VALUES (89, 1001, 0, 0, 0);
INSERT INTO milestonegroupagescore (age, milestone_group_id, count, avg_score, stddev_score) VALUES (90, 1001, 0, 0, 0);
INSERT INTO milestonegroupagescore (age, milestone_group_id, count, avg_score, stddev_score) VALUES (91, 1001, 0, 0, 0);
INSERT INTO milestonegroupagescore (age, milestone_group_id, count, avg_score, stddev_score) VALUES (92, 1001, 0, 0, 0);
INSERT INTO milestonegroupagescore (age, milestone_group_id, count, avg_score, stddev_score) VALUES (93, 1001, 0, 0, 0);
INSERT INTO milestonegroupagescore (age, milestone_group_id, count, avg_score, stddev_score) VALUES (94, 1001, 0, 0, 0);
INSERT INTO milestonegroupagescore (age, milestone_group_id, count, avg_score, stddev_score) VALUES (95, 1001, 0, 0, 0);
INSERT INTO milestonegroupagescore (age, milestone_group_id, count, avg_score, stddev_score) VALUES (96, 1001, 0, 0, 0);
INSERT INTO milestonegroupagescore (age, milestone_group_id, count, avg_score, stddev_score) VALUES (97, 1001, 0, 0, 0);
INSERT INTO milestonegroupagescore (age, milestone_group_id, count, avg_score, stddev_score) VALUES (98, 1001, 0, 0, 0);
INSERT INTO milestonegroupagescore (age, milestone_group_id, count, avg_score, stddev_score) VALUES (99, 1001, 0, 0, 0);
INSERT INTO milestonegroupagescore (age, milestone_group_id, count, avg_score, stddev_score) VALUES (100, 1001, 0, 0, 0);

INSERT INTO milestonegroupagescorecollection (milestone_group_id) VALUES (1000);
INSERT INTO milestonegroupagescorecollection (milestone_group_id) VALUES (1001);
